time,ekin_fluid_1,ekin_fluid_2
0.0,0.0,0.0
8.184376663943921e-6,9.71414386469137e-9,0.0
9.002814330338313e-5,9.748000857305458e-7,0.0
0.0009084658096977752,9.120559517239327e-5,0.0
0.001274325566102279,1.2510006625523573e-5,0.0
0.0015011780896069034,3.90455527204179e-6,0.0
0.0019568349357371798,1.37759816950008e-5,0.0
0.002436085577301886,1.1638653287868834e-5,0.0
0.0028239928401280535,6.008605116542127e-6,0.0
0.003258290471186039,6.244228079610089e-6,0.0
0.0037342554188013184,6.086379525925694e-6,0.0
0.004186632594968314,4.527303874622317e-6,0.0
0.004639224033760828,3.857463790470617e-6,0.0
0.005109245630473382,3.569272430835955e-6,0.0
0.005574205890421103,3.029387063129663e-6,0.0
0.006033812771258324,2.6148975309620603e-6,0.0
0.006499049347565361,2.3879762815527907e-6,0.0
0.006964535450279917,2.1453608539540577e-6,0.0
0.0074278883199606184,1.9252859568424614e-6,0.0
0.007892996956336867,1.7681228770764353e-6,0.0
0.008358195705714215,1.6204411009308282e-6,0.0
0.008819744450342238,1.4709004370266732e-6,0.0
0.009282951109009837,1.3724136466600643e-6,0.0
0.009745068883985018,1.2697491827302572e-6,0.0
0.010204767237802883,1.1736694095339058e-6,0.0
0.010663503139052774,1.095619660897225e-6,0.0
0.011119825635807237,1.0197504539779075e-6,0.0
0.011572584027773563,9.479850869563643e-7,0.0
0.012023801368779391,8.916434544387122e-7,0.0
0.012474089881796128,8.424920010115444e-7,0.0
0.012923088127948842,7.964070262407749e-7,0.0
0.013371464695346332,7.565663635101833e-7,0.0
0.013819513956776336,7.208478023562956e-7,0.0
0.014266504033048027,6.857685344747284e-7,0.0
0.014712799793449867,6.54629675972203e-7,0.0
0.01515858289564339,6.262629845293616e-7,0.0
0.015603022696145778,5.978173594324618e-7,0.0
0.016046410299076785,5.723014034094707e-7,0.0
0.016488635091360823,5.483343364452763e-7,0.0
0.016929825488022632,5.263140324503846e-7,0.0
0.017370477352299393,5.068277908918434e-7,0.0
0.017810513293493674,4.88348920168439e-7,0.0
0.018249949479249093,4.7105463264795717e-7,0.0
0.018688707466916903,4.5463393524441694e-7,0.0
0.01912665960145147,4.389359760993166e-7,0.0
0.019563428539664123,4.2346370318850426e-7,0.0
0.01999955515711242,4.0988952211576414e-7,0.0
0.020435026975813942,3.9700219553867435e-7,0.0
0.02086931205855983,3.8391289539270197e-7,0.0
0.02130238430657173,3.715360845592967e-7,0.0
0.02173460835838029,3.603977759673895e-7,0.0
0.022166097248435383,3.4997338417219195e-7,0.0
0.022596779262533614,3.399477409549842e-7,0.0
0.02302645137351902,3.3012969635792665e-7,0.0
0.023455359458725355,3.2115828142518006e-7,0.0
0.023883373037812888,3.124159048972642e-7,0.0
0.02431060214259069,3.042461137951458e-7,0.0
0.024737519420518373,2.9706897656621367e-7,0.0
0.025164175430078057,2.902369929677382e-7,0.0
0.025590490773709586,2.835852763434346e-7,0.0
0.02601684564600216,2.776827244523592e-7,0.0
0.026443260345593602,2.720116443322165e-7,0.0
0.026869535826440125,2.6631453842528556e-7,0.0
0.027295719312238124,2.6089429263393397e-7,0.0
0.02772180572743212,2.556581257373304e-7,0.0
0.028147887636620315,2.5069544424275793e-7,0.0
0.028574152371799957,2.461233598947228e-7,0.0
0.029000460797989697,2.415588504769217e-7,0.0
0.029426688418475073,2.3703619121160422e-7,0.0
0.02985271230589127,2.325609985037364e-7,0.0
0.030278478988701556,2.2820497471002233e-7,0.0
0.030704128057024136,2.2415172143701357e-7,0.0
0.031129648066977964,2.202318816253733e-7,0.0
0.031554966156127726,2.163777305519763e-7,0.0
0.03197997718159228,2.1256899890347003e-7,0.0
0.032404133617828325,2.0839541475308662e-7,0.0
0.032829344083408485,2.061672578631552e-7,0.0
0.033254260818306215,2.0270270715604346e-7,0.0
0.03367847612443034,1.990375278419602e-7,0.0
0.034102749096927926,1.9619851500232797e-7,0.0
0.034526787570986726,1.9317951420123115e-7,0.0
0.03495026878471937,1.8999773892195765e-7,0.0
0.03537351886709813,1.8721465946073238e-7,0.0
0.035796404223230174,1.8440882777926041e-7,0.0
0.03621878416295141,1.8159069155495457e-7,0.0
0.03664077027232537,1.789690874267717e-7,0.0
0.03706238560864073,1.7645438395730005e-7,0.0
0.03748358331269917,1.7395127573690753e-7,0.0
0.03790443498209857,1.7159587511746104e-7,0.0
0.038324914410316956,1.6927799435680725e-7,0.0
0.038744952620970254,1.66967412214325e-7,0.0
0.03916445278885832,1.6466831618352052e-7,0.0
0.03958333160248379,1.623901539192777e-7,0.0
0.04000170409050676,1.602749821999235e-7,0.0
0.04041953807572751,1.5821074017497755e-7,0.0
0.04083673350500228,1.5614850607256075e-7,0.0
0.04125343706830102,1.5426549436156954e-7,0.0
0.04166947983749978,1.5232468126396055e-7,0.0
0.04208457145822174,1.5025334141434327e-7,0.0
0.04249987261250622,1.4905970436725405e-7,0.0
0.042914624541552454,1.473530877049952e-7,0.0
0.04332725034588296,1.4465438879438805e-7,0.0
0.04373894764924454,1.4290175531737192e-7,0.0
0.04415239476231235,1.4296039555116392e-7,0.0
0.04456541118342495,1.4149299276896132e-7,0.0
0.044977382758792574,1.3969845573509216e-7,0.0
0.045389204136332004,1.3856314901287316e-7,0.0
0.0458011986980483,1.3765458644661067e-7,0.0
0.04621264188513398,1.3629739184652773e-7,0.0
0.04662362280037723,1.3505288674930236e-7,0.0
0.047034359762316076,1.339811340539946e-7,0.0
0.047444764597550024,1.3287743492231717e-7,0.0
0.04785503741146937,1.3193374533898142e-7,0.0
0.04826521961954616,1.3103951163491503e-7,0.0
0.04867514910229397,1.3007053378195538e-7,0.0
0.049084888973981,1.2917000856027398e-7,0.0
0.04949451877498524,1.283440735854565e-7,0.0
0.04990394571318036,1.2748610658642608e-7,0.0
0.05031332887295715,1.267490127002172e-7,0.0
0.05072250473181976,1.259214686274012e-7,0.0
0.051131413384581555,1.250894703407079e-7,0.0
0.051540086386150805,1.2430683441979295e-7,0.0
0.05194848371568309,1.2352761563566352e-7,0.0
0.052356586663688816,1.226050049028769e-7,0.0
0.052764388540525384,1.2155545441278013e-7,0.0
0.05317191570246591,1.2056222069261063e-7,0.0
0.0535791413635783,1.196051761937319e-7,0.0
0.053986054422132994,1.1868806530874414e-7,0.0
0.054392647450988325,1.1780749150476066e-7,0.0
0.0547989341266883,1.1697047444480505e-7,0.0
0.05520502991803997,1.162276012713727e-7,0.0
0.05561089502254576,1.1548487663230103e-7,0.0
0.056016461186462474,1.1472744052969007e-7,0.0
0.056421815054269575,1.1403974915849881e-7,0.0
0.056826948798382376,1.133638269752757e-7,0.0
0.05723180115803614,1.1267016323017231e-7,0.0
0.05763635885990929,1.1198552896693077e-7,0.0
0.05804064844123907,1.113290874046267e-7,0.0
0.0584446607445088,1.1063517709147907e-7,0.0
0.058848447192829355,1.0969782841694884e-7,0.0
0.059252094160727235,1.0879306749619777e-7,0.0
0.05965557207512538,1.0790319910777436e-7,0.0
0.06005886859950715,1.0703708009835783e-7,0.0
0.06046196075337824,1.061842829566824e-7,0.0
0.06086469143336532,1.0527502277090366e-7,0.0
0.06126709679305971,1.0441056573228897e-7,0.0
0.061669670471985,1.038108094266887e-7,0.0
0.06207203232056222,1.030214134911956e-7,0.0
0.06247414216979788,1.0223040594924154e-7,0.0
0.06287614747320282,1.0152929330004508e-7,0.0
0.06327799836373017,1.0081484708922929e-7,0.0
0.06367960411355736,1.0007034536072843e-7,0.0
0.06408082870675236,9.927855568303875e-8,0.0
0.06448221861190818,9.876549583325299e-8,0.0
0.06488343738221704,9.809047226374775e-8,0.0
0.06528439344861048,9.738648958613831e-8,0.0
0.06568520717800916,9.675515893530516e-8,0.0
0.06608586629019991,9.612860957842217e-8,0.0
0.0664863104921871,9.548535652095645e-8,0.0
0.06688648620021927,9.483100517093314e-8,0.0
0.06728589294679183,9.396624120774428e-8,0.0
0.06768574460755326,9.367923370414603e-8,0.0
0.06808552558860793,9.314109968706624e-8,0.0
0.06848496145122376,9.24876379587443e-8,0.0
0.06888416776876169,9.190363921806261e-8,0.0
0.0692831552742009,9.133614159065329e-8,0.0
0.06968208692845475,9.084413262477953e-8,0.0
0.07008098036437933,9.036224182158609e-8,0.0
0.07047969151580587,8.982289493108299e-8,0.0
0.07087827809136703,8.931444067516133e-8,0.0
0.07127674801845693,8.880212916332874e-8,0.0
0.07167510871673542,8.829831454445621e-8,0.0
0.07207335474481634,8.780127039916955e-8,0.0
0.07247147056770342,8.73074655047481e-8,0.0
0.07286945635784103,8.682339632942972e-8,0.0
0.07326731009568703,8.634744542960768e-8,0.0
0.07366507739944031,8.589877864486607e-8,0.0
0.0740627482199449,8.545219654738003e-8,0.0
0.07446032145819344,8.50117162780514e-8,0.0
0.07485781740218263,8.458597476727496e-8,0.0
0.07525481081621599,8.399375159317643e-8,0.0
0.0756521563584319,8.376727625047028e-8,0.0
0.07604940855095611,8.334861620443305e-8,0.0
0.07644633300719406,8.284293932847252e-8,0.0
0.0768431964062887,8.24585408270946e-8,0.0
0.07724005560574858,8.210013446604128e-8,0.0
0.07763678172739133,8.169247919045978e-8,0.0
0.07803341231811185,8.130644788248179e-8,0.0
0.07842993176400731,8.091958522033839e-8,0.0
0.07882631075533651,8.052703322191139e-8,0.0
0.07922251400624922,8.012736977310974e-8,0.0
0.07961769604870284,7.940946134798744e-8,0.0
0.08001373332818487,7.941336777015905e-8,0.0
0.08040973205375201,7.904524745574879e-8,0.0
0.08080532271524629,7.854327357911334e-8,0.0
0.08120085641654366,7.819401286173459e-8,0.0
0.0815963617816257,7.786012212854285e-8,0.0
0.08199167580383376,7.746816604039624e-8,0.0
0.08238684192830771,7.710124266677207e-8,0.0
0.08278202470415556,7.680187200673588e-8,0.0
0.08317719813942556,7.649308351024228e-8,0.0
0.08357226222740884,7.61492057571988e-8,0.0
0.08396722918796101,7.581549774594335e-8,0.0
0.0843621100669661,7.549077350801805e-8,0.0
0.08475685770808372,7.51531382593726e-8,0.0
0.08515158155189617,7.486081824102222e-8,0.0
0.08554626800122621,7.456513961852369e-8,0.0
0.08594089184565493,7.426271972973182e-8,0.0
0.0863353867737533,7.393997914781994e-8,0.0
0.08672977967269016,7.36324846169801e-8,0.0
0.08712429256591185,7.340822058259035e-8,0.0
0.08751881848202755,7.314280571261053e-8,0.0
0.0879132712551232,7.284842990047562e-8,0.0
0.08830772697419592,7.258558982898537e-8,0.0
0.08870217338918077,7.232048074873739e-8,0.0
0.0890965687085052,7.204330846170273e-8,0.0
0.08949091738886644,7.177165093157207e-8,0.0
0.0898852350038615,7.150803386328459e-8,0.0
0.09027948829245203,7.123410239104081e-8,0.0
0.09067370482297754,7.097410127876044e-8,0.0
0.09106791280391474,7.072703769057816e-8,0.0
0.0914621259071142,7.048690658473964e-8,0.0
0.09185633767636285,7.024651949468124e-8,0.0
0.0922505207852607,6.999920790878477e-8,0.0
0.09264472295335602,6.977136212551469e-8,0.0
0.0930390035801123,6.956528496459089e-8,0.0
0.09343328279734499,6.933243536405483e-8,0.0
0.09382755732647124,6.910156002059546e-8,0.0
0.094221844774934,6.887974711366109e-8,0.0
0.09461613347357047,6.865656985518372e-8,0.0
0.09501045479619893,6.844665890632066e-8,0.0
0.09540479132147812,6.823283775089524e-8,0.0
0.09579910803147679,6.80099891109812e-8,0.0
0.09619352297157041,6.782953056709963e-8,0.0
0.09658798091254295,6.763080900269563e-8,0.0
0.09698227948895648,6.736799517113564e-8,0.0
0.09737675436375957,6.722266764732912e-8,0.0
0.09777124643063341,6.701856145081402e-8,0.0
0.09816573974242529,6.681269022458703e-8,0.0
0.09856027908012946,6.662516143906868e-8,0.0
0.09895483188522765,6.64294411240994e-8,0.0
0.09934930903922094,6.620837959613311e-8,0.0
0.09974368287942866,6.598424019605488e-8,0.0
0.10013811165954131,6.581647215914904e-8,0.0
0.10053230535487531,6.555706084076689e-8,0.0
0.10092699783947434,6.553948315252995e-8,0.0
0.10132175391851847,6.537085258950485e-8,0.0
0.10171634228460437,6.513125700235509e-8,0.0
0.10211098863174839,6.497210349801164e-8,0.0
0.10250565248659851,6.480183915572596e-8,0.0
0.10290039736536415,6.46539728929395e-8,0.0
0.10329512224388884,6.447524193531709e-8,0.0
0.10368969978489603,6.426079710473116e-8,0.0
0.1040844480226394,6.415235264758568e-8,0.0
0.10447928895814466,6.401690730433807e-8,0.0
0.10487404752761878,6.382749968419779e-8,0.0
0.10526882230571132,6.367419398169177e-8,0.0
0.10566361682320173,6.352433688983497e-8,0.0
0.1060584604945523,6.338554111864892e-8,0.0
0.10645332200785121,6.323837039671446e-8,0.0
0.10684819027509777,6.309008204325041e-8,0.0
0.10724306165139517,6.294327437625937e-8,0.0
0.10763793793050772,6.27995979215977e-8,0.0
0.10803275265615321,6.263820789933724e-8,0.0
0.10842690908470276,6.230091789773713e-8,0.0
0.1088219280287933,6.244254096471692e-8,0.0
0.10921694176694637,6.229748901667656e-8,0.0
0.1096113554295304,6.197676349996457e-8,0.0
0.11000623740960112,6.199677598477835e-8,0.0
0.11040138570602487,6.19438481457623e-8,0.0
0.11079631620541998,6.174104282028368e-8,0.0
0.1111912997877657,6.162909646781015e-8,0.0
0.1115863954284281,6.153616573850499e-8,0.0
0.11198140068770825,6.138261316325934e-8,0.0
0.11237638165940027,6.125409310949261e-8,0.0
0.11277142081313336,6.115302022907739e-8,0.0
0.11316644896188993,6.103190564595126e-8,0.0
0.11356146165675354,6.091192608288214e-8,0.0
0.11395650068410675,6.08067364996446e-8,0.0
0.11435152903798852,6.069187910681461e-8,0.0
0.11474653473414988,6.057576107431799e-8,0.0
0.11514157153414134,6.04778441872019e-8,0.0
0.11553660563337048,6.037090328245229e-8,0.0
0.1159315947768931,6.025351832362108e-8,0.0
0.1163259800370547,5.997695495989625e-8,0.0
0.11672105312721935,6.009292233972751e-8,0.0
0.11711627591276548,6.003289267700668e-8,0.0
0.11751114627876934,5.98249533687203e-8,0.0
0.11790612249778981,5.976239057258089e-8,0.0
0.11830119183014741,5.969495427180199e-8,0.0
0.11869610770122209,5.9555422443921135e-8,0.0
0.11909101745410756,5.946440275783275e-8,0.0
0.1194859328651036,5.937828585135414e-8,0.0
0.11988083331208439,5.9287151171830154e-8,0.0
0.12027572904601581,5.920048913210025e-8,0.0
0.12067056414183794,5.90991539522863e-8,0.0
0.12106539100831383,5.901558963083371e-8,0.0
0.1214602753460895,5.895190079347919e-8,0.0
0.12185512096676983,5.8860200641226185e-8,0.0
0.1222497806060228,5.8729025307748776e-8,0.0
0.12264449911469098,5.867354768413306e-8,0.0
0.1230393639492898,5.864161094782171e-8,0.0
0.12343407288765046,5.852072486817716e-8,0.0
0.12382881171808734,5.8457993870623305e-8,0.0
0.12422360026352616,5.840114697995983e-8,0.0
0.1246182732875791,5.829737289335532e-8,0.0
0.12501286654108434,5.8208119194013435e-8,0.0
0.12540751918601187,5.816108783519688e-8,0.0
0.1258019546384929,5.803533006199617e-8,0.0
0.1261966166908305,5.804060125105812e-8,0.0
0.12659129251003515,5.798033677578054e-8,0.0
0.1269858541013126,5.7884863500409024e-8,0.0
0.12738043813117012,5.783234533668777e-8,0.0
0.12777503392587172,5.777746223063026e-8,0.0
0.12816957866949402,5.770585054195627e-8,0.0
0.12856410989177391,5.764738178441458e-8,0.0
0.12895848538808607,5.755093208366724e-8,0.0
0.12935290555574763,5.751552582314227e-8,0.0
0.12974746737473764,5.7506478478647346e-8,0.0
0.13014196040818157,5.743592694695519e-8,0.0
0.13053646998790347,5.739257088428325e-8,0.0
0.13093104141337636,5.7363149823572894e-8,0.0
0.13132559929619764,5.7312936104550386e-8,0.0
0.13172015689633432,5.7268828456224545e-8,0.0
0.13211475932437652,5.723936702968154e-8,0.0
0.13250936668517918,5.7199790629565876e-8,0.0
0.13290396828029946,5.7159423142180874e-8,0.0
0.1332985068228097,5.7105825288320144e-8,0.0
0.13369308692347845,5.708514494853944e-8,0.0
0.1340875924971553,5.7033482551317764e-8,0.0
0.13448129537925585,5.678567869402924e-8,0.0
0.1348749210798888,5.67609186778407e-8,0.0
0.13527022488461943,5.722042317817427e-8,0.0
0.13566457228831547,5.6907243424867103e-8,0.0
0.13605855976471565,5.678915467405445e-8,0.0
0.1364533079639373,5.6994358103763246e-8,0.0
0.1368477889019624,5.689754586104312e-8,0.0
0.13724193193776257,5.6791644937672734e-8,0.0
0.13763641437105933,5.688507076117521e-8,0.0
0.13803069314974445,5.6822213634749255e-8,0.0
0.13842481073490734,5.677894851229778e-8,0.0
0.1388193157044177,5.6893537614525726e-8,0.0
0.13921375790625587,5.6875929395616386e-8,0.0
0.1396080274392317,5.683294410964136e-8,0.0
0.1400023974870719,5.6873710628968786e-8,0.0
0.14039679049807938,5.689350238640801e-8,0.0
0.14079111828173752,5.690071991196952e-8,0.0
0.14118427298958822,5.662598761819031e-8,0.0
0.1415792760225113,5.720923963427533e-8,0.0
0.14197391806567242,5.7125589924732507e-8,0.0
0.1423677143281699,5.6914991524786175e-8,0.0
0.14276219957171707,5.715217053466685e-8,0.0
0.14315677374728972,5.72025316115969e-8,0.0
0.14355074067771276,5.705628357671385e-8,0.0
0.14394506857544312,5.7194867711962523e-8,0.0
0.14433958868307262,5.7276006645056086e-8,0.0
0.14473380541759956,5.721374114862292e-8,0.0
0.14512809951700797,5.726620531859065e-8,0.0
0.14552251809983588,5.7330048364934874e-8,0.0
0.14591676995209993,5.730964988075333e-8,0.0
0.14631085131216764,5.729345830485933e-8,0.0
0.14670524095367737,5.741481462917973e-8,0.0
0.14709959963196523,5.7432687417581425e-8,0.0
0.1474936533058619,5.7375453016946864e-8,0.0
0.14788803565290495,5.750323821663955e-8,0.0
0.14828243315082723,5.7534245209938757e-8,0.0
0.14867664899808405,5.75098949146003e-8,0.0
0.14907096685371402,5.757016596495982e-8,0.0
0.14946531664537732,5.7607796182093075e-8,0.0
0.14985949977791477,5.7588630870092964e-8,0.0
0.15025271996864584,5.735284532805749e-8,0.0
0.15064761274399413,5.78755683665215e-8,0.0
0.1510420657641682,5.775735401220858e-8,0.0
0.15143570265094844,5.7546187209134607e-8,0.0
0.1518296160261425,5.766517302066563e-8,0.0
0.15222438604114086,5.793465568729368e-8,0.0
0.15261845594309542,5.7598577974486074e-8,0.0
0.15301242925611888,5.742880286324639e-8,0.0
0.153406883978559,5.7430457900092205e-8,0.0
0.1538010634433185,5.721272179297027e-8,0.0
0.1541951127330908,5.704665146492244e-8,0.0
0.15458940205335703,5.698909621368778e-8,0.0
0.1549835860026958,5.6830322371147533e-8,0.0
0.15537770963970085,5.668812809483702e-8,0.0
0.1557719610765651,5.6600728589072085e-8,0.0
0.15616618307962452,5.646771999681774e-8,0.0
0.15656035281692326,5.633078828646668e-8,0.0
0.15695458323002678,5.6227852344107695e-8,0.0
0.15734881298807674,5.610799972335517e-8,0.0
0.15774301517336373,5.598242684094032e-8,0.0
0.15813726565717018,5.587986857645039e-8,0.0
0.15853152875637186,5.57679113659679e-8,0.0
0.1589257808242402,5.5650906454004905e-8,0.0
0.1593200443951268,5.554210759045381e-8,0.0
0.15971430985917345,5.543216329138936e-8,0.0
0.16010856032586987,5.531933311472964e-8,0.0
0.16050280462983368,5.5210945863330446e-8,0.0
0.16089704071902491,5.510373701033968e-8,0.0
0.16129125614327192,5.4994894091588365e-8,0.0
0.16168546122351665,5.489074523660805e-8,0.0
0.16207965377595254,5.478758572340195e-8,0.0
0.16247382571719457,5.4683838909713613e-8,0.0
0.16286798587081222,5.4584153181314007e-8,0.0
0.16326212667362064,5.448390081981033e-8,0.0
0.16365625340399786,5.4386616722026554e-8,0.0
0.16405036341031437,5.429003515311081e-8,0.0
0.1644444564560492,5.419482335508447e-8,0.0
0.16483850941263362,5.409498753564679e-8,0.0
0.1652325322178584,5.399976456327556e-8,0.0
0.16562657623306293,5.3919532345858507e-8,0.0
0.1660205989718506,5.382833374473412e-8,0.0
0.1664145816642227,5.373363648471408e-8,0.0
0.16680858097033838,5.3655607075038786e-8,0.0
0.16720256053674357,5.3568466577326695e-8,0.0
0.16759645141017424,5.346483612123326e-8,0.0
0.16799024806096585,5.336305755671699e-8,0.0
0.1683838074785184,5.322758374451904e-8,0.0
0.16877757814182898,5.321381378824297e-8,0.0
0.1691715997341097,5.3203687174522815e-8,0.0
0.16956535791346455,5.3054525518434256e-8,0.0
0.16995910068538872,5.2977621809374234e-8,0.0
0.17035281372946673,5.2898874566822447e-8,0.0
0.17074660444539125,5.284862865585475e-8,0.0
0.17114045503788003,5.27920411744562e-8,0.0
0.17153422010627836,5.2697464605959536e-8,0.0
0.1719279884877599,5.262894773463609e-8,0.0
0.17232179071221598,5.256909671495774e-8,0.0
0.17271550827922422,5.2478959240739595e-8,0.0
0.1731090777154853,5.237582356771357e-8,0.0
0.17350231380412032,5.223042730884608e-8,0.0
0.17389633586757972,5.2376498612910154e-8,0.0
0.17429010317048163,5.2237681523863185e-8,0.0
0.17468349303852287,5.207544335342293e-8,0.0
0.17507728799577282,5.2122588375057835e-8,0.0
0.175469257809431,5.159891653573367e-8,0.0
0.17586378653058757,5.222321104147922e-8,0.0
0.17625794834403455,5.2042214953117636e-8,0.0
0.17665073912469856,5.161911157994967e-8,0.0
0.17704463123120634,5.18573544504923e-8,0.0
0.1774387464577127,5.1847201029451126e-8,0.0
0.1778319596679325,5.1549022875845184e-8,0.0
0.1782255925395377,5.160753598117408e-8,0.0
0.17861959056822502,5.164238057244983e-8,0.0
0.17901303600594518,5.1438261935752476e-8,0.0
0.1794065849045405,5.141350241883114e-8,0.0
0.17980045077873338,5.1440171664525777e-8,0.0
0.18019399839163303,5.1300443875328316e-8,0.0
0.1805874978593086,5.123689743540006e-8,0.0
0.1809812814740039,5.125780728384529e-8,0.0
0.18137492214787118,5.116541644322947e-8,0.0
0.1817684727563963,5.1090336796281166e-8,0.0
0.18216218933557896,5.108176087863754e-8,0.0
0.1825558394369425,5.101176435781864e-8,0.0
0.18294929980841673,5.0913523289621766e-8,0.0
0.18334289879171745,5.0901648809788116e-8,0.0
0.18373645459794433,5.0817160199158756e-8,0.0
0.18412743356951453,5.0110637319174784e-8,0.0
0.18452249197145634,5.110226390534502e-8,0.0
0.18491666215679245,5.0768559081316326e-8,0.0
0.18530884261670455,5.019052416616003e-8,0.0
0.18570286916581008,5.0609690508096083e-8,0.0
0.18609707495492706,5.057571765978344e-8,0.0
0.18648993322909682,5.016444747346502e-8,0.0
0.1868835271134486,5.029934028669896e-8,0.0
0.18727757091264688,5.0347381616023484e-8,0.0
0.18767080628706195,5.007737347272787e-8,0.0
0.18806426534213216,5.008052121768869e-8,0.0
0.18845813716741489,5.0124988203374626e-8,0.0
0.18885148179766523,4.99308199741078e-8,0.0
0.18924453827536172,4.9808803187477124e-8,0.0
0.1896380997777933,4.988581789761069e-8,0.0
0.19003177554105385,4.9854194173340594e-8,0.0
0.1904250694375529,4.969953445843676e-8,0.0
0.19081856483507598,4.969598887674012e-8,0.0
0.19121219030379374,4.9670578764282394e-8,0.0
0.19160554634161678,4.9545722448175134e-8,0.0
0.19199895396597877,4.950514148713207e-8,0.0
0.1923925303652988,4.949147026677549e-8,0.0
0.19278602458533642,4.941307469166804e-8,0.0
0.19317951128087696,4.935478408525508e-8,0.0
0.19357307384404093,4.931704488268044e-8,0.0
0.19396658422793103,4.9247009639402425e-8,0.0
0.19436007114196446,4.9185335994824306e-8,0.0
0.19475358043490432,4.913539148313333e-8,0.0
0.19514703001977332,4.906536572135186e-8,0.0
0.1955404079780401,4.8993926315018314e-8,0.0
0.1959338657099905,4.895996328444896e-8,0.0
0.1963273743964414,4.891677202902138e-8,0.0
0.196720812500537,4.884330203159415e-8,0.0
0.19711426947201285,4.8792846383109875e-8,0.0
0.197507773760885,4.874873730407396e-8,0.0
0.19790121344845824,4.8677030649112035e-8,0.0
0.1982946341745278,4.861776105390128e-8,0.0
0.19868808197436855,4.856983084696558e-8,0.0
0.19908150482936762,4.8508845141246167e-8,0.0
0.1994748946954905,4.8446468025205027e-8,0.0
0.1998683225358338,4.8401459889658585e-8,0.0
0.20026173051438445,4.834182525902103e-8,0.0
0.20065508953595879,4.827576489617521e-8,0.0
0.2010484792333018,4.822946943767533e-8,0.0
0.20144185811921025,4.817259430793953e-8,0.0
0.2018351850842692,4.810624318307609e-8,0.0
0.20222852004391756,4.805503723474876e-8,0.0
0.202621840192287,4.799816655418741e-8,0.0
0.20301499361529496,4.7906146480532815e-8,0.0
0.20340833310045436,4.78997219620649e-8,0.0
0.20380161100840846,4.783093736186611e-8,0.0
0.20419467498299607,4.772801493104655e-8,0.0
0.20458795176764868,4.772889120310814e-8,0.0
0.20498121126185992,4.767100890413018e-8,0.0
0.20537429901333604,4.757748893975008e-8,0.0
0.20576752229486162,4.75590630070024e-8,0.0
0.2061607501921423,4.750707179434766e-8,0.0
0.20655388649912543,4.7432604649552025e-8,0.0
0.20694708877151738,4.7396710336682915e-8,0.0
0.20734027584399162,4.734066631004782e-8,0.0
0.2077333686862734,4.726685304629711e-8,0.0
0.20812652322946704,4.723109709655348e-8,0.0
0.20851966484315082,4.717673966896283e-8,0.0
0.20891269725260314,4.710059233896155e-8,0.0
0.20930578052156637,4.706360413764016e-8,0.0
0.20969890497009064,4.702306293795878e-8,0.0
0.21009194109587453,4.6951882999304554e-8,0.0
0.210484966037633,4.6900456192364084e-8,0.0
0.2108767258504182,4.656489765790748e-8,0.0
0.21127051512606435,4.700521346644537e-8,0.0
0.21166385419343306,4.683327848006461e-8,0.0
0.2120560986673934,4.652581705049429e-8,0.0
0.21244942466468952,4.67395371060406e-8,0.0
0.21284274788983668,4.668256952665201e-8,0.0
0.21323527186615585,4.644517618627829e-8,0.0
0.21362833759854596,4.6530725908859665e-8,0.0
0.21402156653734497,4.651846932951709e-8,0.0
0.21441390630033197,4.6264947713499994e-8,0.0
0.2148069986689382,4.6401902840066415e-8,0.0
0.21520028871103805,4.639645420546343e-8,0.0
0.21559287265279878,4.61829286648689e-8,0.0
0.2159858240618376,4.622801221366267e-8,0.0
0.21637904623389698,4.624345171504284e-8,0.0
0.2167717408419452,4.6073560777291125e-8,0.0
0.21716410749918724,4.5961560215087517e-8,0.0
0.21755756207539823,4.61734567979731e-8,0.0
0.21795046182337605,4.599245550429015e-8,0.0
0.21834296033445547,4.58591232189156e-8,0.0
0.21873619972613248,4.5991143211755564e-8,0.0
0.21912917527786852,4.5882184204523867e-8,0.0
0.2195217773688843,4.5755220444562045e-8,0.0
0.21991486921403314,4.582987538761172e-8,0.0
0.22030786660962964,4.5763650720393627e-8,0.0
0.2207005154244695,4.564317056020553e-8,0.0
0.2210934036117392,4.565898451698801e-8,0.0
0.221486404528431,4.5641856568117015e-8,0.0
0.22187919055235972,4.554995104812209e-8,0.0
0.22227202609738508,4.5522391509803155e-8,0.0
0.22266486104063016,4.5483410363686814e-8,0.0
0.22305778625202774,4.54647284598686e-8,0.0
0.2234506284332629,4.5406316924219603e-8,0.0
0.22384346644698117,4.5367804906195224e-8,0.0
0.22423638624264713,4.5348943618394174e-8,0.0
0.22462917484503014,4.5281866763846085e-8,0.0
0.22502204145292468,4.526421361521929e-8,0.0
0.2254149713155425,4.5242041217677117e-8,0.0
0.22580781162704852,4.518529638315219e-8,0.0
0.22620067307651817,4.515547575751077e-8,0.0
0.2265935869887725,4.513261243062777e-8,0.0
0.22698640773507878,4.5077104072660234e-8,0.0
0.22737926724101012,4.50530231060089e-8,0.0
0.2277721363167515,4.502212584114271e-8,0.0
0.2281649863284111,4.498504491559382e-8,0.0
0.2285578414091456,4.495406969380192e-8,0.0
0.2289507244545548,4.4928367393123275e-8,0.0
0.22934356975163675,4.488810194450265e-8,0.0
0.22973641816252555,4.4857993727578754e-8,0.0
0.23012925190586264,4.4824340689754573e-8,0.0
0.23052207016812895,4.479111987427475e-8,0.0
0.23091491263672556,4.476712359145725e-8,0.0
0.2313077425722682,4.473484109286453e-8,0.0
0.23170054903349688,4.4700724583131795e-8,0.0
0.2320933647454849,4.4674513658402206e-8,0.0
0.23248616575215733,4.464312441547338e-8,0.0
0.2328789508509447,4.4611988413186065e-8,0.0
0.23327174192793337,4.458613099331244e-8,0.0
0.2336645235301958,4.4556945275923185e-8,0.0
0.2340572906650665,4.452703348741513e-8,0.0
0.23445005891948115,4.450096258768446e-8,0.0
0.23484282012736898,4.447322718858436e-8,0.0
0.2352355568655858,4.444200164294785e-8,0.0
0.23562825413409114,4.440819278401583e-8,0.0
0.23602092276118092,4.437762185250891e-8,0.0
0.23641334134132452,4.4299939938812544e-8,0.0
0.23680607298450823,4.434853765312983e-8,0.0
0.2371987488651084,4.431032042835358e-8,0.0
0.23759123605553145,4.424440704847196e-8,0.0
0.23798393470260626,4.4268873681815664e-8,0.0
0.23837671863793447,4.4261460010019006e-8,0.0
0.23876928615334772,4.4187402874027927e-8,0.0
0.23916195407797852,4.418660533611201e-8,0.0
0.23955471880123777,4.418307436995164e-8,0.0
0.2399473358086387,4.4124987084668645e-8,0.0
0.2403399748863741,4.410682770970244e-8,0.0
0.2407321605001489,4.3986672701491395e-8,0.0
0.24112511875307024,4.4138130355799217e-8,0.0
0.24151785644729531,4.405961912521541e-8,0.0
0.24191016561226625,4.394149776771214e-8,0.0
0.24230292970487702,4.4022519424853706e-8,0.0
0.2426956747443257,4.3992166982865746e-8,0.0
0.24308807956114709,4.389342606806776e-8,0.0
0.24348075094704816,4.3932032798895446e-8,0.0
0.24387347872527632,4.391988494259851e-8,0.0
0.2442659468454767,4.383886809748773e-8,0.0
0.24465856008111853,4.384999060685648e-8,0.0
0.24505125913963471,4.3845263370732664e-8,0.0
0.24544376853390484,4.3779770671728333e-8,0.0
0.24583633353869833,4.3770683430929776e-8,0.0
0.24622899452929697,4.376890607804618e-8,0.0
0.24662152615637722,4.371687689908325e-8,0.0
0.2470140606312707,4.3695705915804424e-8,0.0
0.24740666166177339,4.3687915581906906e-8,0.0
0.2477991328274218,4.3636725219073416e-8,0.0
0.24819162295570155,4.361966902534805e-8,0.0
0.24858424179699382,4.36251565130462e-8,0.0
0.24897673589102443,4.357380955969996e-8,0.0
0.24936914665106447,4.353383416102361e-8,0.0
0.24976172178107675,4.354789118711189e-8,0.0
0.25015425405751096,4.35141247197809e-8,0.0
0.25054666550003657,4.34645550217017e-8,0.0
0.2509391962236485,4.346824184778049e-8,0.0
0.2513317438734952,4.344742898820051e-8,0.0
0.25172418758877024,4.3400463732750663e-8,0.0
0.2521166979247846,4.3391646489128164e-8,0.0
0.25250923705171313,4.337322412748686e-8,0.0
0.2529016952207142,4.333080155327825e-8,0.0
0.2532941818862838,4.331304633264067e-8,0.0
0.25368669155981544,4.3293313738935674e-8,0.0
0.25407913171070584,4.32533234148383e-8,0.0
0.2544715793775711,4.323077534450338e-8,0.0
0.25486407116034004,4.321543130971627e-8,0.0
0.25525650035781433,4.317635693602266e-8,0.0
0.2556486816532756,4.3099513309056874e-8,0.0
0.2560412432212916,4.3159048341319356e-8,0.0
0.256433413635109,4.304812835986308e-8,0.0
0.2568256465553256,4.3039761850768614e-8,0.0
0.257218252692846,4.309453744424317e-8,0.0
0.2576105462761991,4.2997065647307285e-8,0.0
0.25800280898789657,4.2965075373393897e-8,0.0
0.258395352322553,4.2998832318487445e-8,0.0
0.2587877035966594,4.292738021707684e-8,0.0
0.25917998678377296,4.288573373316902e-8,0.0
0.2595724732550779,4.290207758568651e-8,0.0
0.2599648416165343,4.2846671514591174e-8,0.0
0.26035713731158006,4.280297742747132e-8,0.0
0.26074957854278247,4.2806088077426985e-8,0.0
0.26114194121651857,4.2759076866307186e-8,0.0
0.261534201283047,4.27084097075929e-8,0.0
0.2619266177592989,4.2713420245966855e-8,0.0
0.2623189839143847,4.2671722037522194e-8,0.0
0.26271124858120193,4.262008853388612e-8,0.0
0.26310360782690345,4.261099553588746e-8,0.0
0.2634959529276933,4.2576925202736215e-8,0.0
0.26388820954940767,4.252731251029869e-8,0.0
0.2642805182898987,4.250830504816243e-8,0.0
0.2646728240373758,4.247633785386437e-8,0.0
0.26506505935600055,4.242999763197172e-8,0.0
0.2654573288526909,4.240629571732032e-8,0.0
0.26584960655329914,4.237601948910848e-8,0.0
0.2662418271448242,4.2331599959112644e-8,0.0
0.2666340600549037,4.2302243602771805e-8,0.0
0.26702630181072934,4.2271441611859365e-8,0.0
0.2674184962423222,4.2228401265380714e-8,0.0
0.2678106891196683,4.219529587823687e-8,0.0
0.2682028949907133,4.2164721238473214e-8,0.0
0.26859506263024685,4.212285418893254e-8,0.0
0.26898721766052747,4.208656512106785e-8,0.0
0.26937937837241543,4.20538064717312e-8,0.0
0.26977151140065075,4.201358743900043e-8,0.0
0.2701636295226461,4.1976063135533916e-8,0.0
0.270555750196771,4.194192692993319e-8,0.0
0.27094784804591193,4.1902055802353456e-8,0.0
0.2713399289791328,4.1863380149702265e-8,0.0
0.27173199879380666,4.182576636261028e-8,0.0
0.27212400780467605,4.1777790523210694e-8,0.0
0.2725159169512189,4.172262429813521e-8,0.0
0.2729078008318515,4.16839941315514e-8,0.0
0.27329984075614405,4.1681725011587593e-8,0.0
0.27369185430068693,4.163840553962175e-8,0.0
0.27408378782468823,4.1584345170951264e-8,0.0
0.27447579057313876,4.156198165004311e-8,0.0
0.27486777216583946,4.151962454796262e-8,0.0
0.27525969594052446,4.146998526924916e-8,0.0
0.2756514872280426,4.1406290788692666e-8,0.0
0.2760435571313901,4.14276705494623e-8,0.0
0.27643553696369794,4.136857224772649e-8,0.0
0.27682714585891466,4.125469238695705e-8,0.0
0.2772192605350226,4.132446278596407e-8,0.0
0.27761115419132937,4.1237404826026004e-8,0.0
0.27800282108033797,4.115334714876502e-8,0.0
0.2783949101981779,4.120408818853319e-8,0.0
0.2787868468718807,4.113069999704535e-8,0.0
0.27917830168508784,4.099452390784572e-8,0.0
0.2795704512505761,4.110328673440784e-8,0.0
0.2799624713007702,4.1032758092813685e-8,0.0
0.2803539545281462,4.088352809217458e-8,0.0
0.28074464498813817,4.069521969152121e-8,0.0
0.28113752330803304,4.111450619731394e-8,0.0
0.2815294333918468,4.085937131909492e-8,0.0
0.28192050916728273,4.0651392762561115e-8,0.0
0.28231295416928653,4.0899915151186896e-8,0.0
0.28270502197665853,4.07736108553774e-8,0.0
0.28309637765401835,4.0588800214073703e-8,0.0
0.2834885468791246,4.072191175442327e-8,0.0
0.2838806547462905,4.066542597307289e-8,0.0
0.28427216626596963,4.050446176761678e-8,0.0
0.2846641753051062,4.0572453921379434e-8,0.0
0.28505625733004714,4.054679567654289e-8,0.0
0.2854479256188678,4.042365271680344e-8,0.0
0.28583983388395956,4.043828512037001e-8,0.0
0.2862318793578647,4.042817052421161e-8,0.0
0.2866236302298921,4.033045056740732e-8,0.0
0.28701546872337413,4.0314247805842425e-8,0.0
0.2874074772943322,4.031280790544178e-8,0.0
0.28779930157208267,4.023857080278064e-8,0.0
0.28819113990210277,4.020732840682472e-8,0.0
0.28858311041020324,4.019939526046398e-8,0.0
0.2889749678906872,4.014112629212993e-8,0.0
0.28936680513358354,4.010368487961412e-8,0.0
0.28975874221341585,4.0090570476774994e-8,0.0
0.29015060666241427,4.0042152197170024e-8,0.0
0.2905423513502952,3.998643441032403e-8,0.0
0.29093419462603937,3.9975990490621365e-8,0.0
0.2913261511284477,3.9966578531426295e-8,0.0
0.2917179746134028,3.990733915732772e-8,0.0
0.2921098245686038,3.9882331812660935e-8,0.0
0.2925017620775271,3.986926493964836e-8,0.0
0.2928936164662591,3.9821816707785315e-8,0.0
0.29328546184818366,3.979097250580891e-8,0.0
0.2936773521203893,3.977134922179448e-8,0.0
0.29406912591775386,3.9720081104605436e-8,0.0
0.294460164192717,3.9552071480636056e-8,0.0
0.2948521627386127,3.972553784306609e-8,0.0
0.2952444053925286,3.9741198333467245e-8,0.0
0.2956358283074392,3.954680964858933e-8,0.0
0.2960276750869807,3.961009557300591e-8,0.0
0.2964198440842366,3.964645117288439e-8,0.0
0.2968114711491773,3.951023066111285e-8,0.0
0.2972032511852441,3.9519595769623585e-8,0.0
0.29759533431664126,3.955576164117171e-8,0.0
0.29798707791562157,3.946271466615068e-8,0.0
0.2983788333443558,3.944470850458241e-8,0.0
0.29877082940005284,3.947125077709967e-8,0.0
0.2991626270347873,3.9409171046312635e-8,0.0
0.2995543910260615,3.938324756348955e-8,0.0
0.2999463259615035,3.9397965236299506e-8,0.0
0.30033815223701255,3.9356197633430705e-8,0.0
0.30072992021892914,3.9326798005924784e-8,0.0
0.30112179929213256,3.9331660330871446e-8,0.0
0.3015136253645063,3.9303423627144475e-8,0.0
0.30190539244577524,3.92755958891301e-8,0.0
0.3022972276763877,3.927383771837219e-8,0.0
0.30268903755582804,3.9253354099562325e-8,0.0
0.303080816008135,3.9232673854858774e-8,0.0
0.3034726209316141,3.9224223289999474e-8,0.0
0.30386438957295564,3.9203769488943774e-8,0.0
0.3042561535744658,3.919051371374978e-8,0.0
0.30464775228750385,3.9147191380823887e-8,0.0
0.3050393491416181,3.913849582754614e-8,0.0
0.305431182504194,3.9175316439787474e-8,0.0
0.30582274727662795,3.9111365223275965e-8,0.0
0.3062141050885349,3.906472502250931e-8,0.0
0.30660612099799667,3.9187057932439366e-8,0.0
0.3069978561255908,3.91179915417735e-8,0.0
0.3073893392628867,3.906095288262023e-8,0.0
0.3077812238113379,3.913440943805277e-8,0.0
0.30817298305090157,3.910021226715124e-8,0.0
0.3085645006953177,3.904676282263242e-8,0.0
0.30895543717829405,3.8934327124285136e-8,0.0
0.30934740916171216,3.91400074267705e-8,0.0
0.3097393058154213,3.911371397561032e-8,0.0
0.310130583817341,3.898569313186809e-8,0.0
0.3105224171747699,3.909441930517623e-8,0.0
0.31091434408120744,3.910522529377937e-8,0.0
0.3113058224763783,3.9011461135787616e-8,0.0
0.3116975675037116,3.906352134178091e-8,0.0
0.3120894420474074,3.908506922972699e-8,0.0
0.3124810526032358,3.902958002314019e-8,0.0
0.31287276898303185,3.9050320863407826e-8,0.0
0.31326461017301704,3.907327909029464e-8,0.0
0.31365628301661813,3.903844087639889e-8,0.0
0.31404798803881917,3.904560089455303e-8,0.0
0.314439797737089,3.9066492697680444e-8,0.0
0.31483151312828606,3.90478681088383e-8,0.0
0.31522320978147195,3.904592720361725e-8,0.0
0.3156150070879776,3.906754036644251e-8,0.0
0.31600675322808164,3.9058668983840805e-8,0.0
0.31639846628931495,3.9055000364066574e-8,0.0
0.3167902441548137,3.907403168439938e-8,0.0
0.31718200064943536,3.9076502926061915e-8,0.0
0.3175737241921526,3.907805274931115e-8,0.0
0.3179654842501451,3.909437828882254e-8,0.0
0.3183572361537316,3.910235958477018e-8,0.0
0.31874894773528756,3.9105257049053754e-8,0.0
0.31914067586511474,3.912070592203893e-8,0.0
0.31953243187627484,3.913890777598462e-8,0.0
0.3199241495310138,3.914489275745117e-8,0.0
0.32031586292262026,3.91591536467637e-8,0.0
0.3207075908328316,3.917813096226208e-8,0.0
0.3210992943729316,3.9190414531289454e-8,0.0
0.321491016366175,3.921236124854058e-8,0.0
0.3218827467311745,3.9233056478829025e-8,0.0
0.3222744564334191,3.9249038071693426e-8,0.0
0.3226661710974677,3.9271284625667364e-8,0.0
0.3230578861347028,3.929341323791341e-8,0.0
0.3234495890511857,3.931383504330088e-8,0.0
0.32384129681594764,3.933826183330162e-8,0.0
0.32423299847558246,3.936078991720515e-8,0.0
0.3246246978603783,3.938418358705897e-8,0.0
0.3250163941075887,3.9407165404750134e-8,0.0
0.32540808194529897,3.942854459932634e-8,0.0
0.32579976777096503,3.9450272681293865e-8,0.0
0.32619145298764246,3.9470855142585304e-8,0.0
0.3265831290577189,3.948794722638411e-8,0.0
0.3269747991993692,3.950359160152452e-8,0.0
0.3273664645678929,3.951697683817647e-8,0.0
0.3277581134833839,3.9525321142226835e-8,0.0
0.3281496729022053,3.9516858116714116e-8,0.0
0.32854134884602365,3.9546468528840513e-8,0.0
0.32893296555834184,3.953675632383089e-8,0.0
0.3293243021268008,3.948280326571639e-8,0.0
0.32971605878965754,3.956628397501097e-8,0.0
0.3301077313798507,3.954204319321108e-8,0.0
0.33049912961221056,3.9481315631395166e-8,0.0
0.33089058676372995,3.948952526772185e-8,0.0
0.331282363351086,3.954600811261019e-8,0.0
0.3316738082849703,3.94710040920242e-8,0.0
0.33206519799326467,3.9456744640602017e-8,0.0
0.3324569614753109,3.9527442783425097e-8,0.0
0.3328484063836818,3.945911719012345e-8,0.0
0.33323987207709077,3.9464306489460695e-8,0.0
0.3336315795049912,3.951390089555089e-8,0.0
0.3340226931126758,3.940016338176526e-8,0.0
0.3344143507034802,3.951856976706341e-8,0.0
0.3348061479302473,3.955035614437697e-8,0.0
0.33519744752488334,3.94583350692268e-8,0.0
0.33558902519703043,3.952754126734651e-8,0.0
0.33598078775446416,3.95749125806098e-8,0.0
0.33637221536114886,3.951935945456728e-8,0.0
0.33676375315542306,3.955729762528492e-8,0.0
0.33715545888834547,3.960500875653785e-8,0.0
0.3375469436867968,3.957459736408999e-8,0.0
0.33793819701246103,3.9546810299184546e-8,0.0
0.3383300076358021,3.967560108461728e-8,0.0
0.338721599254514,3.964307481310347e-8,0.0
0.339112942526886,3.9608868517232766e-8,0.0
0.3395046030232473,3.968898098369215e-8,0.0
0.33989622877033787,3.9694295875189946e-8,0.0
0.3402876458262239,3.966606646644468e-8,0.0
0.34067923667129624,3.9715756392209796e-8,0.0
0.3410708483639459,3.973240038949922e-8,0.0
0.34146230658342874,3.971444629252472e-8,0.0
0.3418538488054256,3.974521600468988e-8,0.0
0.34224543014308406,3.976523485236395e-8,0.0
0.3426369081806852,3.975637176445052e-8,0.0
0.34302840563204484,3.977302652820739e-8,0.0
0.34341993452265546,3.979130705303511e-8,0.0
0.34381141567245566,3.979318172417934e-8,0.0
0.34420292203794,3.980984531497662e-8,0.0
0.3445944444844903,3.982401695174727e-8,0.0
0.34498593281660545,3.982790838350297e-8,0.0
0.34537742865280524,3.984042744569662e-8,0.0
0.3457689369050255,3.985364597293372e-8,0.0
0.3461604250164958,3.9860172432496673e-8,0.0
0.3465518998210698,3.9868358792309e-8,0.0
0.3469433932559986,3.988295536466977e-8,0.0
0.3473348851691733,3.989318950819017e-8,0.0
0.3477263588252459,3.990016023410834e-8,0.0
0.34811784034025456,3.9912577424387325e-8,0.0
0.34850932193582357,3.9923322633596907e-8,0.0
0.3489007904541778,3.99314950788383e-8,0.0
0.34929225878755105,3.99424501752559e-8,0.0
0.34968372714777657,3.995345778694602e-8,0.0
0.3500751808948487,3.996161009465841e-8,0.0
0.3504666171955488,3.996950213694007e-8,0.0
0.35085772152617556,3.991651283649367e-8,0.0
0.3512493437159307,4.00352415248229e-8,0.0
0.35164083668218704,4.001721872879319e-8,0.0
0.3520319844961287,3.995947800486639e-8,0.0
0.35242352653984865,4.0053171681260056e-8,0.0
0.35281505139301206,4.005861952794121e-8,0.0
0.3532063007307385,4.0013784656473974e-8,0.0
0.35359775895556317,4.006937497716303e-8,0.0
0.3539892649468695,4.008936876339033e-8,0.0
0.3543805777054738,4.006114821239721e-8,0.0
0.35477198579580854,4.0093355654223365e-8,0.0
0.3551634498029913,4.011600176259045e-8,0.0
0.35555475718949486,4.0095814636850255e-8,0.0
0.35594608246809034,4.011289323287891e-8,0.0
0.3563375475449454,4.015334847921921e-8,0.0
0.3567289042758383,4.014221570823529e-8,0.0
0.35712023137108995,4.014863549378722e-8,0.0
0.3575116473951044,4.0178939810491737e-8,0.0
0.35790301485117365,4.0180401611956064e-8,0.0
0.3582943351908439,4.018304709009753e-8,0.0
0.3586857022769392,4.0205035549628916e-8,0.0
0.3590770777780247,4.021843861359413e-8,0.0
0.35946840265237917,4.0219977293795186e-8,0.0
0.35985974862801745,4.023656573537884e-8,0.0
0.3602511079635453,4.025114049432856e-8,0.0
0.3606424350989128,4.025638351235939e-8,0.0
0.3610337652137589,4.026911346600922e-8,0.0
0.3614250947142066,4.028100415861228e-8,0.0
0.36181634971317234,4.02782754273926e-8,0.0
0.36220765112712955,4.030080536180603e-8,0.0
0.3625990028897864,4.032334268440778e-8,0.0
0.3629902514334853,4.031469855570731e-8,0.0
0.3633815215444847,4.033267531610437e-8,0.0
0.3637728795166843,4.0363175140595374e-8,0.0
0.3641641597226062,4.035912817460972e-8,0.0
0.3645554270107503,4.036935362778239e-8,0.0
0.36494675125051806,4.039358417783821e-8,0.0
0.36533803533243653,4.039738247518488e-8,0.0
0.36572929445542596,4.040486946108944e-8,0.0
0.36612058806685394,4.042450496133786e-8,0.0
0.3665118598248028,4.043217872889135e-8,0.0
0.366903103899202,4.0438985384796064e-8,0.0
0.36729436581130837,4.045520391931377e-8,0.0
0.367685615813506,4.04650086091364e-8,0.0
0.36807684176813527,4.0472457120350925e-8,0.0
0.3684680729824475,4.0486001652766774e-8,0.0
0.3688592922253528,4.049582811567812e-8,0.0
0.36925048113836306,4.050203760204741e-8,0.0
0.3696416753224096,4.051565578327931e-8,0.0
0.3700328802042112,4.0529967219240826e-8,0.0
0.3704240763291971,4.053994200220987e-8,0.0
0.3708152682353881,4.055078400226233e-8,0.0
0.3712064631946366,4.056297446878947e-8,0.0
0.3715976524353907,4.0573263682383966e-8,0.0
0.37198883416299133,4.0583496174012496e-8,0.0
0.37238001464735615,4.0594960261886124e-8,0.0
0.3727711830335863,4.06040851421998e-8,0.0
0.37316235093088934,4.061553244107021e-8,0.0
0.3735535180143014,4.062670820659292e-8,0.0
0.3739446757694459,4.063599222197933e-8,0.0
0.3743358264920636,4.064571219067356e-8,0.0
0.37472697646939745,4.065660803229336e-8,0.0
0.3751181321616972,4.066857196928259e-8,0.0
0.375509282788928,4.06780671687026e-8,0.0
0.3759004026468095,4.068237877807019e-8,0.0
0.37629157114585166,4.0702862428273476e-8,0.0
0.37668273385496787,4.0711349538397436e-8,0.0
0.37707384319040543,4.071033040574402e-8,0.0
0.3774649803584697,4.072639673285506e-8,0.0
0.3778560442915164,4.072162740276503e-8,0.0
0.37824723414985106,4.07575521980649e-8,0.0
0.37863839921848863,4.0760739983125145e-8,0.0
0.3790294848425741,4.075339142073623e-8,0.0
0.37942066756901865,4.078274230756261e-8,0.0
0.3798118494098983,4.07904810510962e-8,0.0
0.38020298856509904,4.0789750154265184e-8,0.0
0.3805941553622005,4.080389050647317e-8,0.0
0.3809853449324687,4.081641121157661e-8,0.0
0.38137653406741884,4.082370661059768e-8,0.0
0.38176771769846507,4.082995921652913e-8,0.0
0.3821589136732019,4.0839846407527785e-8,0.0
0.38255011138920886,4.0847302020865994e-8,0.0
0.382941297912584,4.0852060236845996e-8,0.0
0.38333249637406375,4.086156372799222e-8,0.0
0.3837237026415458,4.086988235130494e-8,0.0
0.3841149004501742,4.087466924915727e-8,0.0
0.38450610286536435,4.088212077306099e-8,0.0
0.3848973105073962,4.0889477977043716e-8,0.0
0.3852885121503987,4.089434259487767e-8,0.0
0.38567971362046943,4.0900345580761314e-8,0.0
0.38607091671252963,4.0906552386460264e-8,0.0
0.38646211160235955,4.091058563642861e-8,0.0
0.3868533042739604,4.0915787284952057e-8,0.0
0.3872445019485741,4.092226461091971e-8,0.0
0.3876356920620795,4.092590477576636e-8,0.0
0.38802687356825694,4.0929262822031366e-8,0.0
0.388418046225886,4.0932513761892385e-8,0.0
0.38880916548972766,4.092678809995739e-8,0.0
0.38919992673383624,4.086108521663201e-8,0.0
0.3895910947438338,4.095448397363639e-8,0.0
0.3899824203959661,4.098884236154565e-8,0.0
0.39037334061986373,4.090680404911691e-8,0.0
0.3907643741575031,4.093686542140497e-8,0.0
0.3911555787033705,4.097598284505271e-8,0.0
0.3915466399109019,4.094802968322401e-8,0.0
0.39193774495725403,4.096017644515106e-8,0.0
0.392328955753027,4.098375393166392e-8,0.0
0.3927200822674986,4.096694074340628e-8,0.0
0.39311121173907754,4.0969219496730946e-8,0.0
0.3935024067650007,4.0983920915747316e-8,0.0
0.39389355477647287,4.0974566800834747e-8,0.0
0.39428468232654024,4.097131972910629e-8,0.0
0.39467586870770976,4.098418560749768e-8,0.0
0.39506704652274677,4.098210428465535e-8,0.0
0.3954582028752818,4.0977390978830575e-8,0.0
0.3958493836363719,4.0982136766113825e-8,0.0
0.39624056952274295,4.0982306454930346e-8,0.0
0.39663175186111604,4.098038889703631e-8,0.0
0.3970229469516406,4.0981598374051483e-8,0.0
0.39741414622242777,4.098061992031437e-8,0.0
0.3978053393451877,4.09772685881261e-8,0.0
0.3981965390512841,4.0976366615884015e-8,0.0
0.3985877396697552,4.0973953069882285e-8,0.0
0.39897893345450275,4.0969704057674355e-8,0.0
0.39937013372713565,4.0967977483555184e-8,0.0
0.39976132991501845,4.096370784827295e-8,0.0
0.4001525442434539,4.096363657999379e-8,0.0
0.40054377185609874,4.096191718459641e-8,0.0
0.40093499255386067,4.0955608475809654e-8,0.0
0.40132611142700964,4.093026377242702e-8,0.0
0.40171742107578656,4.0965029422113876e-8,0.0
0.4021086961098877,4.095051767978938e-8,0.0
0.4024998804721661,4.0925222979299e-8,0.0
0.40289116643827066,4.094011463255668e-8,0.0
0.403282458259134,4.093354376488932e-8,0.0
0.4036736875715828,4.091287926283811e-8,0.0
0.4040649647183018,4.091533352647787e-8,0.0
0.4044562553155684,4.090966918027857e-8,0.0
0.4048474330618051,4.087819654201396e-8,0.0
0.40523872360839297,4.08936453851844e-8,0.0
0.4056298797878919,4.085712114492202e-8,0.0
0.40602114198455846,4.087059674592948e-8,0.0
0.4064124640175517,4.0872258069421775e-8,0.0
0.40680368339448,4.0839834113400805e-8,0.0
0.4071949496282707,4.0839041226721156e-8,0.0
0.4075862661297974,4.083767728715833e-8,0.0
0.4079775229023613,4.0812955518156734e-8,0.0
0.4083687951366942,4.08041064911954e-8,0.0
0.40876011054814626,4.080014455563925e-8,0.0
0.4091513979515394,4.078073244293638e-8,0.0
0.40954268137071015,4.076632832033606e-8,0.0
0.40993399669297564,4.0758811202462716e-8,0.0
0.41032528266583745,4.0738079980788674e-8,0.0
0.4107164874895762,4.0707281778219834e-8,0.0
0.4111078562393717,4.0726287932596006e-8,0.0
0.41149864704528166,4.059438839393888e-8,0.0
0.41189020843101276,4.0740564707493806e-8,0.0
0.4122816917315861,4.070206754541253e-8,0.0
0.41267272545531847,4.059090973514728e-8,0.0
0.4130641473315236,4.065538392821083e-8,0.0
0.41345563321861617,4.064747091813032e-8,0.0
0.4138468093813881,4.05636526235123e-8,0.0
0.414238175218848,4.058502326608463e-8,0.0
0.4146296450735266,4.058534209383359e-8,0.0
0.41502092004539803,4.052388880683178e-8,0.0
0.41541226271864984,4.051814616327641e-8,0.0
0.415803696537042,4.051540877856226e-8,0.0
0.4161949990242347,4.046638720515274e-8,0.0
0.4165863586105424,4.045686549600129e-8,0.0
0.4169777993561505,4.045060144846338e-8,0.0
0.41736916190305784,4.04108251428682e-8,0.0
0.41776052927602975,4.038872227186357e-8,0.0
0.41815196635172613,4.037902997523445e-8,0.0
0.41854336690483,4.034663190341084e-8,0.0
0.41893475499789196,4.0319398046105743e-8,0.0
0.4193261856027279,4.0302961525625724e-8,0.0
0.4197175996200561,4.0273708745769503e-8,0.0
0.42010899208475927,4.0243485563338675e-8,0.0
0.4204996975969892,4.008318221394633e-8,0.0
0.42089143686442626,4.027252097273803e-8,0.0
0.4212829559076905,4.019433163325369e-8,0.0
0.42167391100314755,4.005259236332245e-8,0.0
0.4220653767527036,4.0132933379193736e-8,0.0
0.4224568674046098,4.010749968916544e-8,0.0
0.422848058398646,4.0017315073826146e-8,0.0
0.42323948827282865,4.003839346022466e-8,0.0
0.42363098089556556,4.0020132968003605e-8,0.0
0.42402225387175313,3.994518731118647e-8,0.0
0.42441360956643603,3.9933582053731037e-8,0.0
0.4248050780988897,3.9925979348407534e-8,0.0
0.42519635314728743,3.985613746570277e-8,0.0
0.4255871629417181,3.973736653832427e-8,0.0
0.4259786322347966,3.984527474631976e-8,0.0
0.42637018791371495,3.9827633158224805e-8,0.0
0.4267612596766511,3.9697061298312296e-8,0.0
0.42715263346673915,3.972894519963126e-8,0.0
0.42754415379481897,3.972475333445645e-8,0.0
0.4279353659867093,3.9629315493547134e-8,0.0
0.4283267014493914,3.962366821131797e-8,0.0
0.4287181630249495,3.961622088007299e-8,0.0
0.42910936548987383,3.95317083081477e-8,0.0
0.4295006657408272,3.952116499417206e-8,0.0
0.4298920561501388,3.9507160987547186e-8,0.0
0.43028317229603985,3.9420954923058004e-8,0.0
0.4306742863976972,3.93923998421088e-8,0.0
0.4310653382823746,3.935199234230326e-8,0.0
0.4314560061610233,3.925030543867742e-8,0.0
0.43184714985856804,3.931985984741431e-8,0.0
0.43223880861432135,3.93864055235957e-8,0.0
0.43262837064625814,3.894320633311046e-8,0.0
0.4330203381803308,3.940142167595548e-8,0.0
0.43341211804179425,3.93161820183165e-8,0.0
0.4338025112333678,3.900511525438495e-8,0.0
0.4341940462554574,3.9206875428095016e-8,0.0
0.43458580760619375,3.921225077360002e-8,0.0
0.4349766199812849,3.898888585123412e-8,0.0
0.4353679473347534,3.906475261923577e-8,0.0
0.43575954737291245,3.908524377090357e-8,0.0
0.43615061109509257,3.8946337951394105e-8,0.0
0.43654189002356886,3.896176768625089e-8,0.0
0.4369333616374504,3.896947581237595e-8,0.0
0.43732458829227133,3.889046353290201e-8,0.0
0.4377158782399524,3.8875788865465584e-8,0.0
0.4381073134103243,3.8876549202290126e-8,0.0
0.43849859341843483,3.881824939937352e-8,0.0
0.438889895642683,3.8797352024996756e-8,0.0
0.4392813033125741,3.879255568269726e-8,0.0
0.4396726308333302,3.8751199751797064e-8,0.0
0.44006395090112177,3.8725873716862824e-8,0.0
0.4404553497080824,3.871775465967696e-8,0.0
0.4408467105969535,3.868676871676045e-8,0.0
0.44123804971852704,3.866032919293943e-8,0.0
0.44162942905489955,3.8646820375898105e-8,0.0
0.4420207966622033,3.8623477782430946e-8,0.0
0.44241196021605034,3.8564971186804734e-8,0.0
0.44280342437678566,3.8605893827583e-8,0.0
0.44319483611757643,3.857518676102682e-8,0.0
0.44358582376781536,3.8476425588452985e-8,0.0
0.44397730600333285,3.855913342368379e-8,0.0
0.44436848192881845,3.8482443921922775e-8,0.0
0.44475965373795384,3.8468570397799065e-8,0.0
0.4451508315091171,3.845756668397354e-8,0.0
0.44554191976907415,3.842876505463297e-8,0.0
0.4459324753312905,3.831909717742402e-8,0.0
0.4463239175637559,3.848512746101615e-8,0.0
0.44671538270163497,3.847201825907277e-8,0.0
0.4471063115366533,3.8354247926665985e-8,0.0
0.4474976548493762,3.842672264237549e-8,0.0
0.4478890914313509,3.8432196804356747e-8,0.0
0.44828015859185316,3.8349975418644874e-8,0.0
0.4486713298420681,3.836482142189574e-8,0.0
0.44906205273287486,3.827536047769744e-8,0.0
0.44945233029097476,3.819505477605045e-8,0.0
0.4498443022755195,3.852220420679398e-8,0.0
0.4502355459350891,3.836298839814858e-8,0.0
0.45062618210908345,3.824174920058692e-8,0.0
0.45101782425219133,3.8436318824378816e-8,0.0
0.45140920666493245,3.837540586600653e-8,0.0
0.4518000719153195,3.827220989677793e-8,0.0
0.45219147070265636,3.8377129208322266e-8,0.0
0.45258259390492755,3.832126607588805e-8,0.0
0.4529732810068497,3.82410206525085e-8,0.0
0.45336488035028927,3.842151381596923e-8,0.0
0.4537561855535229,3.8359126580788635e-8,0.0
0.4541470416076694,3.827417810632986e-8,0.0
0.45453837529007984,3.8372597960281315e-8,0.0
0.4549294062230663,3.831643058387988e-8,0.0
0.45532035103553675,3.830659818034644e-8,0.0
0.45571172195385856,3.839471634897458e-8,0.0
0.4561028468140577,3.834918671136452e-8,0.0
0.4564937362809382,3.8311054485166326e-8,0.0
0.45688383411276634,3.817461162336513e-8,0.0
0.45727484198539115,3.837023841864085e-8,0.0
0.4576665501938425,3.850788111233101e-8,0.0
0.4580572869685134,3.831874320257089e-8,0.0
0.4584483181275117,3.8387327248671674e-8,0.0
0.45883991696211623,3.8503161043118165e-8,0.0
0.45923094071279646,3.839436630058259e-8,0.0
0.45962200146564286,3.8412797712441264e-8,0.0
0.46001346534760973,3.850057413169619e-8,0.0
0.4604044622965322,3.841801824298547e-8,0.0
0.4607956676056538,3.847185790420461e-8,0.0
0.4611864187480081,3.839862519939181e-8,0.0
0.4615779566956738,3.856664513403523e-8,0.0
0.46196930369399486,3.8536554799009474e-8,0.0
0.4623602645907343,3.84743871415984e-8,0.0
0.46275165950727853,3.8575336340541074e-8,0.0
0.4631430533495256,3.8586967508616914e-8,0.0
0.4635341555484721,3.8544752593579744e-8,0.0
0.4639254834636177,3.8606773971198395e-8,0.0
0.4643168715643998,3.8634213753550353e-8,0.0
0.4647080576287772,3.861187431129089e-8,0.0
0.4650993475005244,3.8652125322764027e-8,0.0
0.4654907088134509,3.868516432492387e-8,0.0
0.46588193749995016,3.8679051336661846e-8,0.0
0.46627320523824245,3.8708765916029426e-8,0.0
0.4666645386018088,3.8743509248184344e-8,0.0
0.46705578704682593,3.874914083892883e-8,0.0
0.46744701405735584,3.87690594123658e-8,0.0
0.4678381893504905,3.8784198395913644e-8,0.0
0.46822920524672185,3.878015568189182e-8,0.0
0.46862061315039455,3.8883287234374235e-8,0.0
0.469011918738109,3.8885041803077294e-8,0.0
0.469403049422507,3.8875081378392545e-8,0.0
0.4697944105669535,3.894559057386748e-8,0.0
0.4701857409454544,3.896167452883592e-8,0.0
0.470576926112086,3.89560646201141e-8,0.0
0.47096823041662184,3.900289578018464e-8,0.0
0.47135949026743745,3.9015214393211214e-8,0.0
0.4717499120941105,3.887636455322104e-8,0.0
0.4721417257322259,3.917523969033664e-8,0.0
0.47253317489670693,3.911012918651559e-8,0.0
0.4729238507800153,3.897273623119356e-8,0.0
0.4733153681261076,3.915703006995264e-8,0.0
0.4737057552524232,3.894711714067335e-8,0.0
0.47409731817780776,3.919482698816625e-8,0.0
0.474488665607536,3.9152120619767705e-8,0.0
0.4748794157176536,3.9038824438688104e-8,0.0
0.47527085170705574,3.9181107204558e-8,0.0
0.4756622017079329,3.916119115262846e-8,0.0
0.47605312839479547,3.907760743044356e-8,0.0
0.476444484985933,3.916492885750697e-8,0.0
0.4768356556734764,3.912598766574994e-8,0.0
0.4772262207799242,3.9010648204283765e-8,0.0
0.4776176660992367,3.9190252568263317e-8,0.0
0.47800903981353726,3.917085702144699e-8,0.0
0.4783996778352499,3.902709249881927e-8,0.0
0.47879086087679934,3.914367653860349e-8,0.0
0.47918251729149075,3.92366909059443e-8,0.0
0.4795734732836005,3.909746806634872e-8,0.0
0.479964624288618,3.9145294965336866e-8,0.0
0.4803561795640541,3.92312534302565e-8,0.0
0.48074729053537446,3.914839434606615e-8,0.0
0.48113840151265475,3.916092123528039e-8,0.0
0.4815298636200361,3.924211575283907e-8,0.0
0.48192097192807204,3.9182560890070936e-8,0.0
0.48231216945493494,3.921562678041504e-8,0.0
0.4827033677599623,3.9231121122363595e-8,0.0
0.48309446505939646,3.9227366140791734e-8,0.0
0.4834857576290532,3.928261336568743e-8,0.0
0.48387625695625336,3.914530686445512e-8,0.0
0.48426786364124935,3.9386800064412696e-8,0.0
0.4846593201342559,3.9365482856774716e-8,0.0
0.48505006467222,3.923940982733149e-8,0.0
0.48544149947913007,3.939737029981721e-8,0.0
0.48583298089874566,3.9418279192518554e-8,0.0
0.4862239192892077,3.932469267969297e-8,0.0
0.4866152241384995,3.941702733465419e-8,0.0
0.487006635536267,3.9452171519619415e-8,0.0
0.48739752386393953,3.9363674652182523e-8,0.0
0.48778854625591955,3.941169218100524e-8,0.0
0.4881801565010498,3.954367399004598e-8,0.0
0.48857124550260855,3.9449798315076524e-8,0.0
0.48896235220784007,3.9470071272629235e-8,0.0
0.4893538812114817,3.956831885112856e-8,0.0
0.4897450935406396,3.951540050754296e-8,0.0
0.49013624106343545,3.9517346981432334e-8,0.0
0.4905276956673546,3.95925544835484e-8,0.0
0.49091898031287606,3.956937451601353e-8,0.0
0.49131017035134333,3.956405072697171e-8,0.0
0.491701564883074,3.961851558671131e-8,0.0
0.4920928627947286,3.9610607403895366e-8,0.0
0.49248410863725983,3.961309348005398e-8,0.0
0.4928754667953415,3.964847898576816e-8,0.0
0.49326582202486274,3.946636411920175e-8,0.0
0.493657686180836,3.97880717214084e-8,0.0
0.4940492312473252,3.9725770215761567e-8,0.0
0.49443988509038705,3.955898574852296e-8,0.0
0.4948314583656931,3.976150767429379e-8,0.0
0.49522306447181724,3.977400910865691e-8,0.0
0.4956139664361031,3.96427554040195e-8,0.0
0.4960053714691585,3.976016682283897e-8,0.0
0.49639691271655345,3.979662095797282e-8,0.0
0.4967875496822394,3.962845181112894e-8,0.0
0.4971791037683198,3.983106359691643e-8,0.0
0.49757073651062617,3.9852675722560614e-8,0.0
0.4979616287772754,3.9713439633140555e-8,0.0
0.49835301171544644,3.982873012974042e-8,0.0
0.4987446206646366,3.988303608354652e-8,0.0
0.49913569641326216,3.9785015890562126e-8,0.0
0.4995270145753284,3.984880080252711e-8,0.0
0.4999185802893026,3.990900135638005e-8,0.0
0.500309783304421,3.98453794503579e-8,0.0
0.5007010498397296,3.9872200875985346e-8,0.0
0.5010921710101892,3.985742955066557e-8,0.0
0.5014837008125924,3.9952526251570944e-8,0.0
0.5018750791031132,3.993034777077914e-8,0.0
0.5022662778638947,3.990591208825545e-8,0.0
0.5026577664376862,3.9976922992654504e-8,0.0
0.5030492088834922,3.99767452262076e-8,0.0
0.503440492901616,3.9955710840361045e-8,0.0
0.5038319529545757,4.0003438043726274e-8,0.0
0.5042234152843617,4.0013892763040587e-8,0.0
0.5046147481188957,3.999866643712e-8,0.0
0.5050062161319029,4.0037915514610804e-8,0.0
0.5053977086777397,4.0052989583598416e-8,0.0
0.505789100821756,4.004326066129542e-8,0.0
0.5061805710676686,4.0070626772968726e-8,0.0
0.5065720781822868,4.008849062051738e-8,0.0
0.5069635060468807,4.008300217693416e-8,0.0
0.507354980949085,4.010395954651897e-8,0.0
0.507746481683498,4.0119946920222405e-8,0.0
0.508137965188827,4.0127008237858646e-8,0.0
0.5085294614919258,4.014041972359842e-8,0.0
0.5089209829778245,4.0156114930696233e-8,0.0
0.509312515216013,4.0168512433161834e-8,0.0
0.509704054559814,4.01801224219605e-8,0.0
0.5100956035042543,4.019224999164574e-8,0.0
0.5104871717255068,4.0206232872248884e-8,0.0
0.5108787270987845,4.02136904381787e-8,0.0
0.5112703208033558,4.023156323621188e-8,0.0
0.5116619265816613,4.024366238986684e-8,0.0
0.5120535135027268,4.024959947004915e-8,0.0
0.5124450867670319,4.025711271691961e-8,0.0
0.5128366351671514,4.02627916299109e-8,0.0
0.5132282839929052,4.029347791871735e-8,0.0
0.5136198946217441,4.0294925425445065e-8,0.0
0.5140113386025061,4.027202048352682e-8,0.0
0.5144031024982937,4.034793335912305e-8,0.0
0.5147947952239488,4.034053233450281e-8,0.0
0.5151863298099614,4.031757126811056e-8,0.0
0.5155780225601576,4.03603707155815e-8,0.0
0.5159697401232132,4.0373772570216705e-8,0.0
0.5163613524156108,4.036105038127036e-8,0.0
0.5167530605173364,4.039020597592312e-8,0.0
0.5171448015691846,4.040516396342347e-8,0.0
0.517536461024783,4.0396951754835425e-8,0.0
0.5179281920742017,4.0420701724139547e-8,0.0
0.5183199647714427,4.04372108422112e-8,0.0
0.5187116713196414,4.043170391033537e-8,0.0
0.5191034115571199,4.044736056624337e-8,0.0
0.5194952062239138,4.046651658958611e-8,0.0
0.5198869533471018,4.046450442631926e-8,0.0
0.5202787121626562,4.0475235834414825e-8,0.0
0.5206705184591977,4.0492876838704904e-8,0.0
0.5210622982321359,4.0494976385778276e-8,0.0
0.5214540819794928,4.050368628411621e-8,0.0
0.5218459018106428,4.051871975595912e-8,0.0
0.5222377079970665,4.052322330794469e-8,0.0
0.5226295135683261,4.053060962318593e-8,0.0
0.5230213444374389,4.054316781298275e-8,0.0
0.5234131677179794,4.0548719881355365e-8,0.0
0.5238049821441438,4.055417830799991e-8,0.0
0.5241966849792566,4.0539557151045495e-8,0.0
0.5245885940163845,4.058971740969452e-8,0.0
0.5249804731409743,4.05888913795488e-8,0.0
0.5253722320049876,4.057078343350007e-8,0.0
0.5257641081035543,4.060222557901098e-8,0.0
0.5261559532351845,4.0601941189658234e-8,0.0
0.5265469253275392,4.043599820472185e-8,0.0
0.5269392265116574,4.0721677403512856e-8,0.0
0.5273312546716403,4.06627409655324e-8,0.0
0.5277224895156049,4.050621521600686e-8,0.0
0.5281145099503083,4.067909902092686e-8,0.0
0.5285061721794148,4.0609453642059165e-8,0.0
0.5288976102073398,4.057252350559338e-8,0.0
0.5292896946349912,4.071237253184992e-8,0.0
0.529681507898926,4.065697985949648e-8,0.0
0.5300730523006387,4.06076028389458e-8,0.0
0.530464998206724,4.0696917187129087e-8,0.0
0.5308566604373396,4.064214077274355e-8,0.0
0.5312483363433437,4.0651524638173296e-8,0.0
0.5316403251269936,4.071987680466989e-8,0.0
0.5320320916709541,4.067558747384729e-8,0.0
0.5324237521260167,4.0658951976271025e-8,0.0
0.5328155113529577,4.068522793811284e-8,0.0
0.5332074670201897,4.072827657669199e-8,0.0
0.5335992260943501,4.068920843305615e-8,0.0
0.5339909904290275,4.069427828641421e-8,0.0
0.5343829125980251,4.072957178965095e-8,0.0
0.5347745516805543,4.067406784659133e-8,0.0
0.5351664227894406,4.0726110133264156e-8,0.0
0.5355583782479281,4.0744012268617005e-8,0.0
0.5359500943085652,4.069576755048404e-8,0.0
0.536341910109247,4.071976434666499e-8,0.0
0.5367338770762561,4.0751799100246255e-8,0.0
0.5371256748247943,4.0716912225647795e-8,0.0
0.5375174987306148,4.0724222790281143e-8,0.0
0.5379094385253524,4.074877352404149e-8,0.0
0.5383012718144919,4.072659041341374e-8,0.0
0.5386931184255411,4.073021470532814e-8,0.0
0.5390850508501295,4.0747849866343654e-8,0.0
0.5394768396941716,4.0718014622331033e-8,0.0
0.5398687419535906,4.0741801522316e-8,0.0
0.5402606513166521,4.07420067477022e-8,0.0
0.5406524864957192,4.072562683886875e-8,0.0
0.5410443786089205,4.073661475582539e-8,0.0
0.5414362294255771,4.0726729210821366e-8,0.0
0.5418281082390145,4.0731034755674144e-8,0.0
0.54221989852245,4.071140883388495e-8,0.0
0.5426117647147719,4.072572509164737e-8,0.0
0.5430037264776997,4.074194934274899e-8,0.0
0.5433955739279701,4.071428241716722e-8,0.0
0.5437874458524691,4.071631669200786e-8,0.0
0.5441793982577195,4.072876291127436e-8,0.0
0.5445712768788061,4.070864069557778e-8,0.0
0.5449631533465479,4.070396800753019e-8,0.0
0.5453551143219558,4.0716246082350546e-8,0.0
0.5457470250088603,4.069973065641438e-8,0.0
0.5461389180585551,4.069042349273775e-8,0.0
0.5465308771388204,4.0697787076764716e-8,0.0
0.5469227932053937,4.068184123239913e-8,0.0
0.5473147001977235,4.067313188759835e-8,0.0
0.5477066478847817,4.067412649267815e-8,0.0
0.5480985860003956,4.06639091384645e-8,0.0
0.5484904655927344,4.064381229503249e-8,0.0
0.5488823835238622,4.064364701945144e-8,0.0
0.5492743625832659,4.064667248126019e-8,0.0
0.5496661842486958,4.060476374846618e-8,0.0
0.5500581665500645,4.062841444090692e-8,0.0
0.5504501551411543,4.061782462867656e-8,0.0
0.5508419969047237,4.057634467222566e-8,0.0
0.5512339817847299,4.059477733072556e-8,0.0
0.551625992018736,4.058655101215056e-8,0.0
0.5520178806763862,4.0548278801407176e-8,0.0
0.5524098531135722,4.0552682994566887e-8,0.0
0.5528018475409424,4.054272611729659e-8,0.0
0.5531932952968495,4.0419728184556144e-8,0.0
0.553585577697599,4.0578944039342924e-8,0.0
0.5539776695748329,4.051829412009418e-8,0.0
0.5543692479061505,4.039735128602404e-8,0.0
0.5547612491583812,4.0471401813320756e-8,0.0
0.5551533680909039,4.047587564575075e-8,0.0
0.5555451266760967,4.0382899383690205e-8,0.0
0.5559371045876746,4.041103605152268e-8,0.0
0.5563292231439568,4.041878040612694e-8,0.0
0.5567210698713143,4.034190201509379e-8,0.0
0.5571130324070258,4.034635891557425e-8,0.0
0.5575051346096995,4.035267620012239e-8,0.0
0.5578970405016774,4.0289521288582724e-8,0.0
0.5582889972421488,4.027836273294854e-8,0.0
0.5586810779079676,4.0279970232282154e-8,0.0
0.5590730200618456,4.022692592215563e-8,0.0
0.5594649734438957,4.0205433625730764e-8,0.0
0.5598570361548285,4.020231104276833e-8,0.0
0.5602489465742545,4.014508059793582e-8,0.0
0.5606409427386866,4.013669845406992e-8,0.0
0.5610330019911457,4.0121492495159206e-8,0.0
0.5614249451727287,4.0069290101732184e-8,0.0
0.5618169278396166,4.0049144563717734e-8,0.0
0.5622089621678988,4.0029883648101894e-8,0.0
0.5626009345195564,3.998664001254505e-8,0.0
0.5629929115404567,3.9956910829562776e-8,0.0
0.5633849351112112,3.993450418998791e-8,0.0
0.5637768734432016,3.988477693662507e-8,0.0
0.5641688825633231,3.9866226134228167e-8,0.0
0.5645609075647632,3.9834841499796474e-8,0.0
0.5649528687434587,3.978690864920946e-8,0.0
0.5653448725689588,3.9760173402231984e-8,0.0
0.5657368939843312,3.972699261241762e-8,0.0
0.5661288563605094,3.967787986121866e-8,0.0
0.5665208548851662,3.9647593430206424e-8,0.0
0.5669128720899118,3.96124539358934e-8,0.0
0.5673047133703242,3.953870313386287e-8,0.0
0.5676967821337353,3.9545172861376295e-8,0.0
0.5680888317130419,3.949884507716594e-8,0.0
0.5684806986782883,3.942077914285109e-8,0.0
0.568872621227082,3.9391516875763535e-8,0.0
0.5692647475773273,3.938860968117376e-8,0.0
0.5696566782369813,3.9304294482169244e-8,0.0
0.57004859948259,3.9258973276693016e-8,0.0
0.5704406743046447,3.924444603545639e-8,0.0
0.5708325456973189,3.91580317218673e-8,0.0
0.5712244622182592,3.912230231275664e-8,0.0
0.5716165623224029,3.911134920848841e-8,0.0
0.572008502744936,3.9030805911033494e-8,0.0
0.5724004409003957,3.898289227887526e-8,0.0
0.5727925172159978,3.896128291236399e-8,0.0
0.5731844891410268,3.889049014851078e-8,0.0
0.5735764341911969,3.883605275928775e-8,0.0
0.5739684822049888,3.880634851007703e-8,0.0
0.5743604584901117,3.874123002126588e-8,0.0
0.5747523807859487,3.868052802230709e-8,0.0
0.5751443358793503,3.863691048298986e-8,0.0
0.5755363388321875,3.859499673828626e-8,0.0
0.5759283250386198,3.8539657250837716e-8,0.0
0.5763203044692754,3.848636369819616e-8,0.0
0.5767123093043831,3.843915593054488e-8,0.0
0.577104303153587,3.838458955290012e-8,0.0
0.5774962818231667,3.832944454333729e-8,0.0
0.5778882563701014,3.827668942448331e-8,0.0
0.5782801942228654,3.821797189559495e-8,0.0
0.5786719374608202,3.8130650060406234e-8,0.0
0.5790639739384348,3.8137322026751454e-8,0.0
0.579455961037215,3.807467142909683e-8,0.0
0.5798478290732239,3.800017738194753e-8,0.0
0.5802398481023668,3.7978398566773044e-8,0.0
0.5806318420467582,3.792157885720081e-8,0.0
0.5810237025969511,3.7845715039483546e-8,0.0
0.5814153726960319,3.776251196440293e-8,0.0
0.5818073664822517,3.7777456624725194e-8,0.0
0.5821988218804179,3.7628074128270323e-8,0.0
0.5825908396653022,3.769112225423132e-8,0.0
0.5829829933642632,3.766596020549652e-8,0.0
0.5833746064959721,3.751515766455566e-8,0.0
0.583766555117423,3.753599580028133e-8,0.0
0.5841587208904896,3.752977786494586e-8,0.0
0.5845504806043925,3.7406616253256845e-8,0.0
0.5849424096356973,3.739723939274071e-8,0.0
0.5853345429717551,3.7392164678980017e-8,0.0
0.5857263687394156,3.7291173472581345e-8,0.0
0.5861182894620747,3.7270293515755946e-8,0.0
0.5865103730698632,3.7261122339143136e-8,0.0
0.586902225324844,3.7178497071094215e-8,0.0
0.5872941395000393,3.715449224258606e-8,0.0
0.5876861851268403,3.714308579095481e-8,0.0
0.5880780501968507,3.707395842776039e-8,0.0
0.5884696752010888,3.699878144233376e-8,0.0
0.5888611776756593,3.695018723991451e-8,0.0
0.5892534974738024,3.707313382191227e-8,0.0
0.5896453940691642,3.6958429838593124e-8,0.0
0.5900370114884206,3.6879233836690616e-8,0.0
0.5904290846797905,3.6939163798908797e-8,0.0
0.590821108040357,3.690092394241638e-8,0.0
0.591212753022197,3.6806083137647766e-8,0.0
0.5916029375545357,3.652665003025911e-8,0.0
0.5919957709759951,3.700847517901819e-8,0.0
0.5923880207515695,3.686222080398217e-8,0.0
0.5927787843348938,3.6567198778351733e-8,0.0
0.593171188513027,3.686182505635145e-8,0.0
0.5935634363722232,3.680610110440514e-8,0.0
0.5939545767837225,3.65845367836814e-8,0.0
0.5943467306707533,3.67645366373704e-8,0.0
0.5947389860460242,3.676429989455257e-8,0.0
0.5951303871948861,3.659268321859257e-8,0.0
0.5955223531794029,3.669200342410873e-8,0.0
0.5959145339853472,3.67197972083626e-8,0.0
0.5963056709503294,3.652016081042011e-8,0.0
0.5966977013713847,3.66860158840871e-8,0.0
0.5970899164769444,3.671004921364235e-8,0.0
0.597481294912048,3.654937470251394e-8,0.0
0.5978731250608952,3.663536792852334e-8,0.0
0.5982651410835775,3.6666758614438007e-8,0.0
0.5986567059193705,3.6581664807309804e-8,0.0
0.5990484769094336,3.662317852006542e-8,0.0
0.5994404615670428,3.6663235089149147e-8,0.0
0.5998320812993345,3.659696776990049e-8,0.0
0.6002238511127707,3.6630228056582454e-8,0.0
0.6006157980698761,3.6666534701193214e-8,0.0
0.6010073918220479,3.660575244854108e-8,0.0
0.6013991958632826,3.665277366631593e-8,0.0
0.601791131757434,3.6682806762931174e-8,0.0
0.6021827877774162,3.6637639536153e-8,0.0
0.6025745870078569,3.667401384815906e-8,0.0
0.6029664847070189,3.670059909459289e-8,0.0
0.6033580208434844,3.6643868672516616e-8,0.0
0.603749908578898,3.672167133867932e-8,0.0
0.6041418111364811,3.6733508533944574e-8,0.0
0.6045334203810421,3.669054777451457e-8,0.0
0.6049252248612297,3.6741102496990875e-8,0.0
0.6053171432818105,3.677407899581238e-8,0.0
0.6057088393123703,3.6745234887616596e-8,0.0
0.6061006414145749,3.677994779573693e-8,0.0
0.6064925156729464,3.6807249636317034e-8,0.0
0.6068843031482736,3.6805156304975484e-8,0.0
0.6072761168982939,3.6825713743482123e-8,0.0
0.6076679766932309,3.6850126739913226e-8,0.0
0.6080597668926238,3.685337796614483e-8,0.0
0.6084515311373293,3.6866173170343977e-8,0.0
0.6088431648415588,3.6861013197789746e-8,0.0
0.6092350940485461,3.693474371051443e-8,0.0
0.6096268841822521,3.692515802757026e-8,0.0
0.6100185329180842,3.6917981786407885e-8,0.0
0.6104102670631527,3.695457140201323e-8,0.0
0.6108017061896431,3.6921100641463546e-8,0.0
0.6111930059818407,3.6920591011285724e-8,0.0
0.6115852039992441,3.710881490832937e-8,0.0
0.6119763558131018,3.692992003220704e-8,0.0
0.6123680760861794,3.706118560907871e-8,0.0
0.6127602774744325,3.716694100319963e-8,0.0
0.6131516846757323,3.703350657163659e-8,0.0
0.6135433356130908,3.710304750542138e-8,0.0
0.6139354226717171,3.720344455987512e-8,0.0
0.6143269453441537,3.7114698948841386e-8,0.0
0.6147184909723896,3.714312670389241e-8,0.0
0.6151100499374075,3.716962520634763e-8,0.0
0.6155017092195592,3.721081762464006e-8,0.0
0.6158935271911291,3.7260423781565086e-8,0.0
0.6162851992991929,3.7252044898793975e-8,0.0
0.6166768738311055,3.727365903259613e-8,0.0
0.61706819703487,3.723136132976813e-8,0.0
0.6174601793992308,3.737861567533128e-8,0.0
0.6178519739745756,3.735967428978905e-8,0.0
0.6182433799635166,3.730790018620367e-8,0.0
0.6186352668540951,3.742207663775625e-8,0.0
0.6190270782931683,3.742604130846732e-8,0.0
0.6194185435941475,3.738209084173916e-8,0.0
0.6198103055791541,3.7462063095027976e-8,0.0
0.6202020936283451,3.748708746739553e-8,0.0
0.6205935788277668,3.7451430682924027e-8,0.0
0.6209853088285505,3.752149577385819e-8,0.0
0.6213768871627742,3.751452348120812e-8,0.0
0.6217684775708832,3.7539907212254966e-8,0.0
0.6221602775168188,3.7601164578956575e-8,0.0
0.6225518914363701,3.7586098479615196e-8,0.0
0.6229434410439655,3.7596922445957444e-8,0.0
0.6233353270407017,3.7682478037389854e-8,0.0
0.6237270290838989,3.766638835862099e-8,0.0
0.6241185851204405,3.7660968872295935e-8,0.0
0.624510239276009,3.770342742409199e-8,0.0
0.6248993643245286,3.726267507305816e-8,0.0
0.6252928897278769,3.8137715360017205e-8,0.0
0.625684984341433,3.785656293194515e-8,0.0
0.6260747495912273,3.743884152875787e-8,0.0
0.626467597949499,3.8063339512086355e-8,0.0
0.6268599032799737,3.7961455486049264e-8,0.0
0.6272503609244844,3.7629599685470136e-8,0.0
0.6276426021017563,3.800417473868277e-8,0.0
0.6280349030996569,3.8027277548825905e-8,0.0
0.6284257779612881,3.777454319397746e-8,0.0
0.6288175721364151,3.7983262939964235e-8,0.0
0.6292098269235885,3.809010830835404e-8,0.0
0.6296010092648332,3.7904119269114796e-8,0.0
0.6299926158238569,3.801627837548928e-8,0.0
0.630384802033318,3.814972016654533e-8,0.0
0.630776206955489,3.801965567838744e-8,0.0
0.6311677514120971,3.8075889367769765e-8,0.0
0.6315597916208304,3.819623393156763e-8,0.0
0.6319512731196085,3.811124127057872e-8,0.0
0.6323427064710616,3.813215733054952e-8,0.0
0.6327347298211308,3.827302248715741e-8,0.0
0.6331263305737473,3.8214206078231374e-8,0.0
0.6335178043591319,3.821893616513555e-8,0.0
0.6339097193914303,3.8332591681413484e-8,0.0
0.6343013777680179,3.830776741573561e-8,0.0
0.6346927978057179,3.8291554959036736e-8,0.0
0.6350846294591559,3.8401546792771874e-8,0.0
0.6354763804999024,3.841159652297729e-8,0.0
0.6358678780455815,3.83909260726024e-8,0.0
0.6362596345200132,3.8471272892456295e-8,0.0
0.6366513857683022,3.849706688326119e-8,0.0
0.6370429453226157,3.848775660849621e-8,0.0
0.6374346570193375,3.854646669477212e-8,0.0
0.6378264165299987,3.858224110578326e-8,0.0
0.6382180141560958,3.8577103534049904e-8,0.0
0.6386096876949663,3.861917149334509e-8,0.0
0.6390013995053435,3.8651828792241866e-8,0.0
0.6393929843462567,3.8651527122425145e-8,0.0
0.639784275568985,3.8621139760054085e-8,0.0
0.6401762450864058,3.877759949914664e-8,0.0
0.6405679307089565,3.8737956111489605e-8,0.0
0.6409593157225573,3.869936562681351e-8,0.0
0.6413511646553051,3.880983767170818e-8,0.0
0.6417428487168737,3.879102264086817e-8,0.0
0.6421343176885517,3.876433014221444e-8,0.0
0.6425260805955545,3.8836677119142693e-8,0.0
0.6429177620953809,3.883082538952428e-8,0.0
0.6433092712896539,3.88080241363686e-8,0.0
0.6437009687324886,3.8855701021308975e-8,0.0
0.6440926577914171,3.886142538693346e-8,0.0
0.6444842063341207,3.8841481724874585e-8,0.0
0.644875870136767,3.8872199287600633e-8,0.0
0.6452675518552116,3.888186481534571e-8,0.0
0.645659123578653,3.8866801459519244e-8,0.0
0.646050762433826,3.8887572747786666e-8,0.0
0.6464424239823539,3.889889466100181e-8,0.0
0.646833973998082,3.888476971451161e-8,0.0
0.6472255650668829,3.890232946929136e-8,0.0
0.6476172336617295,3.8926651566228455e-8,0.0
0.6480088220716003,3.8920331740305284e-8,0.0
0.6484004163727005,3.8932864785380865e-8,0.0
0.6487920674235654,3.895594818160871e-8,0.0
0.6491836575316321,3.895655005828491e-8,0.0
0.6495752098160205,3.896370670607978e-8,0.0
0.6499664505189497,3.89205640483748e-8,0.0
0.6503581714718991,3.903405658433408e-8,0.0
0.6507495041665055,3.8973656231082326e-8,0.0
0.651141024058346,3.903031134545977e-8,0.0
0.6515327284112432,3.9083650719825025e-8,0.0
0.651924160796076,3.904697603394327e-8,0.0
0.6523156796926016,3.90845438690163e-8,0.0
0.6527073422179097,3.913189550966294e-8,0.0
0.6530988332579403,3.911659994107758e-8,0.0
0.6534903360559493,3.913993544969371e-8,0.0
0.6538819813186412,3.918825113994746e-8,0.0
0.6542735204338903,3.9186356451532524e-8,0.0
0.6546650389665803,3.920298378051938e-8,0.0
0.6550566586621378,3.924341177630391e-8,0.0
0.6554481729518246,3.9242299998254845e-8,0.0
0.6558397099607836,3.926763976189867e-8,0.0
0.65623132032358,3.9302177265538486e-8,0.0
0.6566228530321718,3.93061971667903e-8,0.0
0.6570143789464445,3.932521628624304e-8,0.0
0.6574059574775508,3.9355669376139375e-8,0.0
0.6577974828866358,3.936461660022602e-8,0.0
0.6581889962201789,3.938231900060889e-8,0.0
0.6585805529554131,3.9410787732726516e-8,0.0
0.6589720738153438,3.942301483014161e-8,0.0
0.6593635723239069,3.9438428770971026e-8,0.0
0.6597551094036398,3.946592589352956e-8,0.0
0.6601466239238861,3.948082109227001e-8,0.0
0.660538074801378,3.9488209948653376e-8,0.0
0.6609295850562481,3.952049629755922e-8,0.0
0.6613211280963928,3.9546447551997325e-8,0.0
0.6617125910490509,3.9550037059744796e-8,0.0
0.6621040872270468,3.9577208027379894e-8,0.0
0.6624956161584631,3.960379246966576e-8,0.0
0.6628870835855307,3.9611652958150586e-8,0.0
0.6632785624126328,3.963500176005831e-8,0.0
0.6636700680586138,3.966130227119367e-8,0.0
0.6640615263662656,3.9672878964564785e-8,0.0
0.6644529789995902,3.969362379136372e-8,0.0
0.6648444389960612,3.971716106291925e-8,0.0
0.6652356277541515,3.968669476016461e-8,0.0
0.6656272397840932,3.979580209507337e-8,0.0
0.6660187438565255,3.979356889676032e-8,0.0
0.6664099893614404,3.9764284282320246e-8,0.0
0.6668015147025903,3.9844894338157704e-8,0.0
0.6671930070506907,3.9859124527947437e-8,0.0
0.6675842834355229,3.983822823590886e-8,0.0
0.6679757348649813,3.989755318125063e-8,0.0
0.6683671871299036,3.99191622692938e-8,0.0
0.668758476750651,3.9908383023960195e-8,0.0
0.6691498776515228,3.99536896816645e-8,0.0
0.6695412900859693,3.997666440453163e-8,0.0
0.6699325997568695,3.99762551422467e-8,0.0
0.6703239220690514,3.99995744342376e-8,0.0
0.6707153110273022,4.003212072293699e-8,0.0
0.6711066268626069,4.003488121769846e-8,0.0
0.6714979338706261,4.005049605976947e-8,0.0
0.6718890205555741,4.002381144070191e-8,0.0
0.6722805193214023,4.0123314408127184e-8,0.0
0.6726718791256329,4.010550216038496e-8,0.0
0.673063018381073,4.007331830070746e-8,0.0
0.6734544369913396,4.0142354340885435e-8,0.0
0.6738458024260779,4.013949272597581e-8,0.0
0.6742369762160793,4.010946391561053e-8,0.0
0.674628302754926,4.014983536497356e-8,0.0
0.6750196429315471,4.015892367768648e-8,0.0
0.6754105536177275,4.008016711939618e-8,0.0
0.6758020162392784,4.020111640536531e-8,0.0
0.6761934068733196,4.0188197619870426e-8,0.0
0.6765844279777644,4.011812398714048e-8,0.0
0.6769757994059283,4.0196761060937336e-8,0.0
0.6773671719320792,4.019999308090026e-8,0.0
0.677758277003,4.0150672290137816e-8,0.0
0.6781495902384198,4.020053740902897e-8,0.0
0.6785409497191064,4.021498294841003e-8,0.0
0.6789321021249901,4.0179322091810406e-8,0.0
0.679323374824363,4.021283016118731e-8,0.0
0.679714711065564,4.023354754230884e-8,0.0
0.6801058935052013,4.021100724773409e-8,0.0
0.6804971376907215,4.023470699198744e-8,0.0
0.680888445750455,4.025838599573537e-8,0.0
0.6812796331948382,4.02452136456269e-8,0.0
0.6816708421461972,4.0263097474994414e-8,0.0
0.6820621196162417,4.029043054016279e-8,0.0
0.6824533067582302,4.028564471693708e-8,0.0
0.6828444930803846,4.0300758523080796e-8,0.0
0.6832357275955999,4.032596703734305e-8,0.0
0.6836266822419672,4.0285932355348214e-8,0.0
0.6840179306729889,4.0364269590194703e-8,0.0
0.6844090543678851,4.0354345910197914e-8,0.0
0.6847998949507165,4.0315453917562194e-8,0.0
0.6851911738721272,4.04241908576833e-8,0.0
0.685582452432556,4.043737393878041e-8,0.0
0.6859734130014887,4.0387778134576806e-8,0.0
0.6863646268292442,4.045763566288759e-8,0.0
0.6867558797099547,4.048011722078217e-8,0.0
0.6871468200587588,4.0432046193811325e-8,0.0
0.6875369556185752,4.0293084290559885e-8,0.0
0.6879286835910664,4.064191080059933e-8,0.0
0.68831996718771,4.0554869837766674e-8,0.0
0.6887104314933589,4.0402163936187634e-8,0.0
0.6891018916723068,4.062609701805433e-8,0.0
0.6894932328411102,4.060895741614139e-8,0.0
0.6898838973158464,4.048310090097874e-8,0.0
0.690275172800004,4.0626340993415605e-8,0.0
0.6906664993105306,4.064598861798662e-8,0.0
0.6910572934460522,4.054816336184612e-8,0.0
0.691448459273875,4.0640319512211925e-8,0.0
0.6918397359086039,4.0672892938036104e-8,0.0
0.6922302659524036,4.053240013319489e-8,0.0
0.6926216168441597,4.071711774427809e-8,0.0
0.6930129350499956,4.07154037424749e-8,0.0
0.6934036198705608,4.05943010340364e-8,0.0
0.6937947314755367,4.0696676656529295e-8,0.0
0.6941861058985483,4.075731215681918e-8,0.0
0.6945769517854247,4.0654482364760554e-8,0.0
0.6949680030086015,4.070808386500795e-8,0.0
0.6953593041075944,4.076615030330898e-8,0.0
0.6957501991713778,4.0687898501704934e-8,0.0
0.6961411416706402,4.070759668420707e-8,0.0
0.6965324373608177,4.0786575533765455e-8,0.0
0.6969234252695081,4.072598718936806e-8,0.0
0.697314378218539,4.07253673015698e-8,0.0
0.6977056010487785,4.078571182281232e-8,0.0
0.6980966009251469,4.074163226042472e-8,0.0
0.698487592223455,4.0743947501419335e-8,0.0
0.6988787658325387,4.078382793276274e-8,0.0
0.6992697928715853,4.0753597180661595e-8,0.0
0.699660778508212,4.0746411267696096e-8,0.0
0.7000519097109602,4.077644437441604e-8,0.0
0.7004429526903352,4.075588069006148e-8,0.0
0.7008339412430312,4.074274910506693e-8,0.0
0.7012250409267196,4.0762612724495154e-8,0.0
0.701616091726148,4.074709857403359e-8,0.0
0.7020070822979115,4.0729007738711256e-8,0.0
0.7023981211080159,4.073241121134442e-8,0.0
0.7027891658819891,4.07248600854293e-8,0.0
0.7031801013874511,4.069263963751259e-8,0.0
0.7035711459232925,4.0704257770906395e-8,0.0
0.7039621714616158,4.0686366825200106e-8,0.0
0.7043529853319722,4.062863689226087e-8,0.0
0.7047439359224529,4.064218558435401e-8,0.0
0.7051350529259577,4.065631963339133e-8,0.0
0.7055258078220982,4.055980780417601e-8,0.0
0.7059168401977852,4.059494930206943e-8,0.0
0.7063079536578032,4.0583028596679074e-8,0.0
0.7066987610286558,4.048998849884559e-8,0.0
0.7070896841954897,4.048402601261084e-8,0.0
0.7074807912618789,4.0486001240990826e-8,0.0
0.7078716819533295,4.0401681830541964e-8,0.0
0.7082625484203069,4.035641645360822e-8,0.0
0.7086534640203069,4.032252501632989e-8,0.0
0.7090444943222621,4.0296156473320074e-8,0.0
0.7094354332220446,4.022273675706281e-8,0.0
0.7098263791386157,4.016630934172562e-8,0.0
0.7102173697126922,4.0112696069611986e-8,0.0
0.7106082993877852,4.0032646940104793e-8,0.0
0.7109992659775805,3.996779909401095e-8,0.0
0.7113902772794347,3.989829230930849e-8,0.0
0.7117812305828679,3.980217751410388e-8,0.0
0.712172192804387,3.9714299998641065e-8,0.0
0.7125631957154825,3.9626068245858224e-8,0.0
0.7129541630249168,3.9515546904955756e-8,0.0
0.7133451271400928,3.9405001382945155e-8,0.0
0.7137361197227188,3.929324383902944e-8,0.0
0.7141270870506773,3.918332762006854e-8,0.0
0.7145180435237046,3.9128876525663214e-8,0.0
0.714909017970775,3.9099376130109944e-8,0.0
0.715299973707987,3.9073472378888776e-8,0.0
0.7156909134540415,3.9055303164315255e-8,0.0
0.7160818651273616,3.904730118995729e-8,0.0
0.7164727999900568,3.9036702635284774e-8,0.0
0.7168636297262061,3.901187082244315e-8,0.0
0.7172545807149598,3.903371956048432e-8,0.0
0.7176455068765721,3.902647994856451e-8,0.0
0.718036392261718,3.901756979759179e-8,0.0
0.7184273301502259,3.902810798701272e-8,0.0
0.7188182550118369,3.902578277836507e-8,0.0
0.7192091441316054,3.901991554058507e-8,0.0
0.7196000658063499,3.902822539783776e-8,0.0
0.719990979949017,3.90285875495726e-8,0.0
0.7203818685181653,3.902590174313049e-8,0.0
0.7207727732883075,3.9031887681191535e-8,0.0
0.721163680933531,3.9035136263030136e-8,0.0
0.7215545643907594,3.9033240155608985e-8,0.0
0.721945453269973,3.903750550926712e-8,0.0
0.7223363450598647,3.904116962572231e-8,0.0
0.7227272172593502,3.9040415714517304e-8,0.0
0.7231180853985102,3.904291142391431e-8,0.0
0.7235089564451787,3.9046672947776386e-8,0.0
0.7238997969917699,3.9043821309612765e-8,0.0
0.7242906412796346,3.904786017235088e-8,0.0
0.7246814917813764,3.905203245885832e-8,0.0
0.7250723432393489,3.905478275857939e-8,0.0
0.7254631690683679,3.905219523153308e-8,0.0
0.7258540004227957,3.905577624128782e-8,0.0
0.7262448379135026,3.905905994892382e-8,0.0
0.7266356239846197,3.90509202358361e-8,0.0
0.7270264515226782,3.9061127597179714e-8,0.0
0.7274172642000954,3.9059420160005186e-8,0.0
0.7278080784293661,3.9060728976001443e-8,0.0
0.728198889429832,3.906078903209538e-8,0.0
0.7285896441846755,3.9050453794598787e-8,0.0
0.7289804381627831,3.905898946840206e-8,0.0
0.7293711420468759,3.904164615140442e-8,0.0
0.7297619959731115,3.9071245022732526e-8,0.0
0.730152809345267,3.906118993378331e-8,0.0
0.730543534883211,3.9042554228650275e-8,0.0
0.7309343610609441,3.906133168865675e-8,0.0
0.7313251746975988,3.9056174805583084e-8,0.0
0.7317159137673043,3.903902454642059e-8,0.0
0.7321067181359715,3.904968082185703e-8,0.0
0.7324975256531402,3.904680737606256e-8,0.0
0.7328882725309318,3.9031269903434354e-8,0.0
0.7332790571008034,3.903528932776313e-8,0.0
0.7336698484348632,3.9032250223282466e-8,0.0
0.7340605965822026,3.9019082367892045e-8,0.0
0.7344513456437834,3.9014733769551005e-8,0.0
0.7348421287683686,3.9016195935044385e-8,0.0
0.7352328726491814,3.900252061283673e-8,0.0
0.7356235996991259,3.899340082684983e-8,0.0
0.7360143441672115,3.8990644213340535e-8,0.0
0.7364050870628641,3.898337016356819e-8,0.0
0.736795812433261,3.8972559323416075e-8,0.0
0.7371865288106645,3.896321835742451e-8,0.0
0.7375772394975597,3.8954149214053925e-8,0.0
0.7379677007971305,3.8898262677276705e-8,0.0
0.7383585786945007,3.8972943231831395e-8,0.0
0.7387493376636285,3.893707423486999e-8,0.0
0.7391398521872277,3.8879124159540006e-8,0.0
0.7395306405928266,3.892423350277771e-8,0.0
0.7399213704087759,3.890027390169184e-8,0.0
0.7403118567438831,3.8841664533092855e-8,0.0
0.7407025214458002,3.886739246933477e-8,0.0
0.7410932516592978,3.886747287409742e-8,0.0
0.7414838208731174,3.88225076200552e-8,0.0
0.7418743730424024,3.880755085439804e-8,0.0
0.7422651179566545,3.8832099310651896e-8,0.0
0.7426557564927969,3.8795541046093774e-8,0.0
0.7430462787441735,3.875871538272109e-8,0.0
0.7434369439215357,3.8772831000490023e-8,0.0
0.7438276603149331,3.876616702171161e-8,0.0
0.7442182363205186,3.87217299722262e-8,0.0
0.7446088886628631,3.8720707623613154e-8,0.0
0.7449995923116051,3.871309653310816e-8,0.0
0.7453901901091952,3.8674282493660036e-8,0.0
0.7457808254345876,3.866422035720709e-8,0.0
0.7461715089947317,3.8655034215660434e-8,0.0
0.7465621143721771,3.8620530909554336e-8,0.0
0.7469527331428187,3.8604371053818067e-8,0.0
0.747343399498967,3.859395050931024e-8,0.0
0.747734009766646,3.856255229986658e-8,0.0
0.7481246144734863,3.8541294749472144e-8,0.0
0.748515263675669,3.852912183296386e-8,0.0
0.7489058699230149,3.8499135288502154e-8,0.0
0.7492964600657664,3.8474557133686925e-8,0.0
0.7496870814108239,3.845873390037833e-8,0.0
0.7500776686636353,3.84295425970885e-8,0.0
0.7504682519186521,3.84061625137369e-8,0.0
0.7508588633421452,3.838844502397162e-8,0.0
0.7512494394804409,3.8357828424056493e-8,0.0
0.7516400094778715,3.833291194927835e-8,0.0
0.7520306103400437,3.831462945650287e-8,0.0
0.7524211847822729,3.828460779428837e-8,0.0
0.752811750854076,3.825807727770413e-8,0.0
0.7532023441107523,3.8238000228704866e-8,0.0
0.7535929115850646,3.820714667334048e-8,0.0
0.7539834603071318,3.817775221656102e-8,0.0
0.7543740169617188,3.815336078288933e-8,0.0
0.7547645936769252,3.813070174331147e-8,0.0
0.7551551358304415,3.809715888150667e-8,0.0
0.7555456748884704,3.8069849933143684e-8,0.0
0.7559362227242912,3.804453129516544e-8,0.0
0.756326752222121,3.8013687560192335e-8,0.0
0.7567172461851353,3.797970764634488e-8,0.0
0.7571074141234251,3.7892170980241015e-8,0.0
0.7574981712692714,3.797971473304626e-8,0.0
0.7578887181090683,3.790757020414102e-8,0.0
0.758277751494488,3.759814338397748e-8,0.0
0.7586692434266178,3.8050320449569105e-8,0.0
0.759060015084136,3.786765052389937e-8,0.0
0.7594493960616975,3.7574724371383934e-8,0.0
0.7598400837034106,3.7807155832553934e-8,0.0
0.7602292749629697,3.749731444277308e-8,0.0
0.7606200193524019,3.777391574670788e-8,0.0
0.7610108633890652,3.775403501294858e-8,0.0
0.7614005044327777,3.749219625790796e-8,0.0
0.7617909238736053,3.761868354781934e-8,0.0
0.7621785182738011,3.706988437397153e-8,0.0
0.7625517575888413,3.450303697540019e-8,0.0
0.7629586024647217,4.095901146062123e-8,0.0
0.7633481625859919,3.73409509674847e-8,0.0
0.7637382313913585,3.738565126498981e-8,0.0
0.7641299747599422,3.7679731537509275e-8,0.0
0.764519109046076,3.715412230704206e-8,0.0
0.7649093793288151,3.7358955522774586e-8,0.0
0.7653005709732372,3.7503889544747095e-8,0.0
0.7656904372066284,3.721905344847034e-8,0.0
0.766080628674645,3.726063943132934e-8,0.0
0.7664716311498968,3.7385752641967424e-8,0.0
0.7668617321417223,3.7183242626331115e-8,0.0
0.767251892722182,3.717297092144984e-8,0.0
0.767642703995984,3.727002585932161e-8,0.0
0.7680327827439635,3.71033201195255e-8,0.0
0.768422993613558,3.710736761883478e-8,0.0
0.7688136554390955,3.7167526262217565e-8,0.0
0.7692038123428265,3.70457721977939e-8,0.0
0.7695939731285395,3.702589574930885e-8,0.0
0.7699843821693029,3.7050722297862275e-8,0.0
0.7703739252077991,3.6869025590967776e-8,0.0
0.770764510971762,3.704770259737352e-8,0.0
0.7711550161237812,3.7004390814292805e-8,0.0
0.7715447546080668,3.683860246792045e-8,0.0
0.7719351936032391,3.6952900584998846e-8,0.0
0.7723257133832349,3.694304205145221e-8,0.0
0.7727155676620255,3.679712792738953e-8,0.0
0.7731046490604457,3.664486683474837e-8,0.0
0.7734958920713154,3.703443306865842e-8,0.0
0.7738861139206759,3.681061447259564e-8,0.0
0.7742749877063845,3.6547429837371634e-8,0.0
0.7746660668688117,3.694923647726102e-8,0.0
0.775056626661566,3.68206297306024e-8,0.0
0.7754459298992592,3.6569238627329136e-8,0.0
0.7758366480824065,3.682270551328647e-8,0.0
0.7762272574827593,3.677735835495198e-8,0.0
0.7766168931033862,3.657868785071051e-8,0.0
0.7770073229570097,3.671641280453008e-8,0.0
0.7773977798398288,3.670270950185301e-8,0.0
0.7777870154926918,3.64645296539871e-8,0.0
0.7781729535619664,3.587852487298486e-8,0.0
0.7785670530671452,3.739841585398259e-8,0.0
0.7789571152083296,3.6579333289549647e-8,0.0
0.7793451338558949,3.6195600358426895e-8,0.0
0.7797371994039424,3.694606149312944e-8,0.0
0.7801275685917078,3.6594063786114345e-8,0.0
0.7805164189140354,3.630523023601188e-8,0.0
0.7809075740327129,3.673060709247778e-8,0.0
0.7812981091016216,3.659125635778521e-8,0.0
0.7816874439691299,3.635935568101287e-8,0.0
0.7820781419977837,3.660891024069349e-8,0.0
0.7824687190521094,3.656915464640918e-8,0.0
0.782858347448014,3.63836143772112e-8,0.0
0.7832487834923996,3.652992569377557e-8,0.0
0.7836393378593749,3.65391903125806e-8,0.0
0.7840291766892223,3.6397372880214395e-8,0.0
0.7844194658601102,3.64773076704636e-8,0.0
0.784809958697116,3.650572293767444e-8,0.0
0.7851999207764485,3.639943231024822e-8,0.0
0.7855900736317604,3.6431931534879124e-8,0.0
0.785980534420742,3.6482362071452574e-8,0.0
0.7863706296373563,3.6407203963261e-8,0.0
0.7867607750091985,3.641321161530132e-8,0.0
0.7871511693224935,3.6454369178930454e-8,0.0
0.7875413250767487,3.640436453723829e-8,0.0
0.7879314657668168,3.6398862851473395e-8,0.0
0.7883217975962415,3.6430894621550715e-8,0.0
0.7887119834471298,3.6399654333681295e-8,0.0
0.789102118887581,3.638837261487654e-8,0.0
0.7894923403852301,3.640272431658966e-8,0.0
0.7898825178952449,3.639252009998524e-8,0.0
0.7902726410419557,3.6381432726861166e-8,0.0
0.7906628420572317,3.6395136759856706e-8,0.0
0.7910530439855699,3.639397168411954e-8,0.0
0.79144319463868,3.6383760333976554e-8,0.0
0.7918333790102783,3.638997187842772e-8,0.0
0.7922235564111993,3.638865436828217e-8,0.0
0.7926135266998171,3.63520492946744e-8,0.0
0.7930037116764208,3.639430710533002e-8,0.0
0.7933938695742376,3.63897904864268e-8,0.0
0.7937837897341188,3.634826930642e-8,0.0
0.7941740387511939,3.6412112448076477e-8,0.0
0.794564220165304,3.6399734121313524e-8,0.0
0.7949540538453665,3.633883204399474e-8,0.0
0.795343910851413,3.635046330946109e-8,0.0
0.795734043925063,3.640638624670313e-8,0.0
0.7961242430829397,3.6419621621806535e-8,0.0
0.796514284749431,3.639221179823927e-8,0.0
0.7969044313463912,3.641514240135228e-8,0.0
0.7972946369090457,3.642863317939427e-8,0.0
0.7976847095122214,3.6407269570927225e-8,0.0
0.798074858271871,3.6426054363676324e-8,0.0
0.7984650687368411,3.6441358561437376e-8,0.0
0.798855182216255,3.642757976692601e-8,0.0
0.7992453265556708,3.6438754683071166e-8,0.0
0.7996355229538734,3.645355707578169e-8,0.0
0.8000256519989459,3.64463961010064e-8,0.0
0.8004157750292145,3.645169875527954e-8,0.0
0.800805943995705,3.6466677578202714e-8,0.0
0.8011960891073967,3.64685806651195e-8,0.0
0.8015862069568643,3.647054124518874e-8,0.0
0.8019763623257435,3.6484819481807995e-8,0.0
0.8023665071174424,3.649005373696081e-8,0.0
0.8027566270073273,3.649312382777033e-8,0.0
0.8031467723973937,3.650588422129884e-8,0.0
0.803536914022929,3.651316778149368e-8,0.0
0.8039270335237154,3.651742734604832e-8,0.0
0.8043171653966097,3.652846230018419e-8,0.0
0.8047072925209752,3.6536397833739964e-8,0.0
0.8050973912069994,3.6540331519044404e-8,0.0
0.8054874840005252,3.6548947789083656e-8,0.0
0.8058770618458081,3.6466622132562446e-8,0.0
0.8062674731030279,3.663423140839582e-8,0.0
0.8066576544927232,3.659655354759916e-8,0.0
0.8070473675930413,3.652022859421053e-8,0.0
0.8074375909267847,3.662824958846042e-8,0.0
