time,ekin_fluid_1
0.0,0.0
1.1669231452182684e-5,6.093796520203704e-8
0.00012836154597400953,6.091830299657298e-6
0.0010258487373843996,0.0003475429887330084
0.0016709522162946695,0.00014260731548430255
0.0020852218135946447,4.833867765101792e-5
0.0027564792071571743,0.0001181760513316041
0.0035107170054583096,0.00013660141252430722
0.0041277200455457986,8.783707366593326e-5
0.004791828509607279,0.0001006390944463864
0.005443784137583391,9.568782570305585e-5
0.006077700779741551,9.062152571819238e-5
0.006708721729674443,9.029518946128726e-5
0.00733215106133432,8.881401195024401e-5
0.007935554913303425,8.428217326141275e-5
0.008533021125664522,8.375732144988317e-5
0.009117985852881672,8.13689968646677e-5
0.009687779361676044,7.840999936365318e-5
0.010245129271325775,7.617917265058963e-5
0.010789520360178497,7.376821423984077e-5
0.01131782634739014,7.052538034835655e-5
0.011834464878082767,6.840044943661018e-5
0.012339387677936589,6.617297401656349e-5
0.01283355912664669,6.413350508890087e-5
0.013320753882743157,6.29695388891805e-5
0.013808955098634241,6.371852437307482e-5
0.014291984719951259,6.281910893091715e-5
0.014773524710389714,6.2880258674068e-5
0.015256121968923017,6.352941083200335e-5
0.015742038665957647,6.472710993627085e-5
0.016232249989845755,6.616704232785137e-5
0.01672621573434152,6.747789270525518e-5
0.0172224667737235,6.842293930686354e-5
0.017719121060065852,6.888965452840512e-5
0.01821497739790783,6.904510855434146e-5
0.018710624105823113,6.935423044437169e-5
0.019205222247494446,6.941401842128499e-5
0.019697664770755442,6.916621262523224e-5
0.02018782045268502,6.8876397073359e-5
0.020675902017913497,6.862788103873874e-5
0.021161548578701898,6.826035989401188e-5
0.021644564043745016,6.782631455365557e-5
0.022124569091019994,6.727936090256845e-5
0.022601915901458575,6.681952337467007e-5
0.023075975748774576,6.617521092107918e-5
0.023546904314217226,6.556508361596338e-5
0.02401470737940372,6.494537466698458e-5
0.024479670355892994,6.438995962431e-5
0.02494197498091694,6.387256332017904e-5
0.0254023347782885,6.35334440057096e-5
0.025861555887972745,6.33927625597022e-5
0.026319760094504426,6.326930724761219e-5
0.026776884139527883,6.312153639326151e-5
0.027233136839781753,6.302837766836607e-5
0.02768887473478583,6.302505560569255e-5
0.028143939255373986,6.297042220420258e-5
0.02859828179829876,6.289887668341952e-5
0.029052153765087924,6.288957799914255e-5
0.02950554159681242,6.28697241624212e-5
0.029958251474946667,6.279565967150972e-5
0.030410211796628346,6.270155120227507e-5
0.03086108325327536,6.251556144750392e-5
0.031310703168362396,6.228554550585524e-5
0.03175949148574351,6.217004893117668e-5
0.03220751332612343,6.206317258879175e-5
0.03265469900903751,6.193166361391144e-5
0.03310106732801901,6.180315831565929e-5
0.03354665301693369,6.167843045051994e-5
0.03399151907065939,6.15647795500148e-5
0.03443568908930748,6.145156127652898e-5
0.03487901110034209,6.129235029474106e-5
0.03532140615133564,6.110837080787952e-5
0.035762831608176435,6.090870884818613e-5
0.036203333643714454,6.071686545194209e-5
0.03664306506853269,6.056101963525701e-5
0.03708197044666546,6.038919671915965e-5
0.03752002855225953,6.020959621131021e-5
0.03795735473169145,6.005615045178923e-5
0.03839436461133089,6.000814557049094e-5
0.038831300148814314,6.001967982326391e-5
0.0392682069944604,6.003719487406163e-5
0.03970530702077572,6.0112188530918446e-5
0.040142701552500985,6.021090942908201e-5
0.04058035284201071,6.029728940093387e-5
0.04101814857496653,6.035032277075001e-5
0.041456052706602506,6.039381025683552e-5
0.04189404862128775,6.043412955142577e-5
0.04233193763004972,6.041747649408455e-5
0.042769568067583634,6.035845597090104e-5
0.04320725752288978,6.038759867821958e-5
0.043644956681640354,6.040214704585632e-5
0.04408252719815144,6.0379346679498754e-5
0.04451993740739299,6.034899340420634e-5
0.04495708951370342,6.028907153025349e-5
0.045393954632517025,6.0217170920439304e-5
0.04583058748033445,6.015513012388858e-5
0.04626680644212449,6.0045369464027953e-5
0.046702738710037994,5.9971548585187936e-5
0.0471384488413609,5.990913695105241e-5
0.04757380762442746,5.981312386746588e-5
0.04800874564750544,5.9695054565507864e-5
0.048443100109973755,5.953339932387853e-5
0.04887692701621427,5.93855670139263e-5
0.049310392347004614,5.928505304765976e-5
0.04974357785394724,5.92025342796915e-5
0.050176479498963485,5.911727648430366e-5
0.05060900064249054,5.900309297615467e-5
0.05104108226978012,5.8873249366658125e-5
0.051472764479271016,5.876045105031027e-5
0.05190404911192032,5.8656206979777e-5
0.052334901743532086,5.8560293052565974e-5
0.052765358137602844,5.848328403116024e-5
0.05319531398644522,5.838014903495867e-5
0.05362468113146468,5.825380494120871e-5
0.054053450110146166,5.81271600178821e-5
0.05448175197480571,5.803791387020692e-5
0.05490968434745675,5.797224749573818e-5
0.05533721729703641,5.789916818183204e-5
0.05576434546593822,5.782428890827343e-5
0.05619099700636546,5.77281522468609e-5
0.05661723647201513,5.7652491388074514e-5
0.05704310745338829,5.7589246288216235e-5
0.05746856728383374,5.7511830009185926e-5
0.057893580311451386,5.742292225649006e-5
0.0583180965081573,5.7319030247688744e-5
0.058742140935107094,5.722115406225941e-5
0.05916580016252693,5.714674883993395e-5
0.05958906006847881,5.707358834875928e-5
0.06001193393784641,5.700961802922264e-5
0.06043451106272963,5.697524200637628e-5
0.06085682353484682,5.695173449200783e-5
0.06127884545324394,5.6919472196676225e-5
0.061700537463753806,5.6877080454922704e-5
0.0621218946386723,5.6837727956174776e-5
0.06254293244191592,5.6804367871183514e-5
0.06296366287721303,5.677517576613434e-5
0.06338409010394139,5.674593770789254e-5
0.06380419716753843,5.671067328906637e-5
0.06422401023907222,5.6680969425104555e-5
0.06464353228701918,5.665054825164325e-5
0.06506277193558983,5.6622136576511074e-5
0.06548172145917461,5.65927091340356e-5
0.06590036608882674,5.6558481340352724e-5
0.0663187236205673,5.652814441852714e-5
0.0667367708350361,5.649380719505905e-5
0.06715448493084936,5.6456531173636525e-5
0.06757187849366322,5.642166352675313e-5
0.06798894011463784,5.638264647098359e-5
0.06840564106118469,5.6335199120342145e-5
0.06882203355551109,5.630069454031648e-5
0.06923813749452093,5.6270041092691995e-5
0.06965401322027491,5.625419515480486e-5
0.07006965352517668,5.623520145935388e-5
0.07048507150569343,5.621901714557149e-5
0.07090027105605883,5.620308632286453e-5
0.07131525607455708,5.618751979724102e-5
0.07173004817246667,5.617698591284133e-5
0.07214468089703402,5.6174498162387577e-5
0.07255916810227117,5.617483447035706e-5
0.0729735118435733,5.617510228202218e-5
0.07338771051254686,5.617445575067492e-5
0.07380175530669483,5.617104135757863e-5
0.07421563745227439,5.61649256489181e-5
0.07462934476067742,5.6155204527126314e-5
0.07504287414236935,5.614429227923666e-5
0.0754562179128179,5.6130899955471466e-5
0.07586936125218983,5.611318903336885e-5
0.07628229358475778,5.6092330454154564e-5
0.0766950645240771,5.6084122412416745e-5
0.07710766636859091,5.607299768001304e-5
0.07752008871187777,5.605875762982489e-5
0.07793233594558521,5.604531686352189e-5
0.0783444067629521,5.603105122208358e-5
0.07875630860960858,5.601832114650304e-5
0.07916804277264711,5.600543778654945e-5
0.07957961170076594,5.5992768771273287e-5
0.07999102536140058,5.598229317942321e-5
0.08040228554524552,5.597180331867157e-5
0.08081338853848566,5.5959927694252307e-5
0.0812243349954418,5.594786917242149e-5
0.08163512678658416,5.593591639804763e-5
0.08204576445110374,5.592371640129389e-5
0.08245624857779266,5.591130307837312e-5
0.08286658079853039,5.5898961646944197e-5
0.0832767665758989,5.588770707987508e-5
0.08368681226524248,5.587775946048357e-5
0.08409671983845313,5.586797419546829e-5
0.08450648849175318,5.58576752130442e-5
0.08491612551838419,5.5849043343578686e-5
0.0853256327053958,5.5840578457384166e-5
0.08573500848078776,5.583203925989295e-5
0.08614425250916168,5.5825323375427796e-5
0.08655336495736657,5.5819027891819587e-5
0.08696234522904862,5.581251989253097e-5
0.08737119500167698,5.580625587105506e-5
0.08777991447536633,5.5799774160145785e-5
0.08818850257122159,5.579273040390825e-5
0.08859695945289175,5.57854571091184e-5
0.0890052850879164,5.577789014853854e-5
0.08941348046979108,5.577030381368112e-5
0.08982154569274658,5.5762453644459046e-5
0.09022948033837115,5.575421400672088e-5
0.09063728363164861,5.574549663351262e-5
0.09104495475190451,5.5736293842324275e-5
0.09145249300044063,5.5726639494512095e-5
0.0918598988210997,5.57168365808583e-5
0.09226717169869278,5.5706622983586476e-5
0.09267431140699452,5.56960850509467e-5
0.09308131843914072,5.5685412487005625e-5
0.09348819379896219,5.567473657962267e-5
0.09389493743594518,5.566377574867663e-5
0.0943015496094129,5.565262311955786e-5
0.09470803051655087,5.564126143234705e-5
0.09511438010371878,5.5629626688647786e-5
0.09552059857728126,5.561779206565529e-5
0.09592668652072463,5.56058578503023e-5
0.09633264463441583,5.559385490343891e-5
0.09673847509848289,5.558217878984962e-5
0.09714418075198034,5.5570997016701307e-5
0.09754976394616253,5.556018088104707e-5
0.09795522579490008,5.55494126846377e-5
0.09836056756562774,5.5538750276921004e-5
0.09876579120684235,5.552838038858969e-5
0.09917089847709991,5.551825522548911e-5
0.09957589311380981,5.5508911831506654e-5
0.09998077672934595,5.549978036333382e-5
0.10038554982506204,5.5490595436442095e-5
0.10079021273266743,5.548133299496619e-5
0.10119476596250604,5.547205421128688e-5
0.10159920845351901,5.5463534321135115e-5
0.10200354610911114,5.545698125156721e-5
0.1024077825580736,5.5451118028391105e-5
0.10281191841579365,5.5445166365896e-5
0.10321595414982826,5.543911407507461e-5
0.10361989022147036,5.543296228322296e-5
0.1040237267318987,5.542661653167008e-5
0.10442746419136847,5.542018958456616e-5
0.10483110306982407,5.541366796633259e-5
0.10523464331125326,5.540691245507209e-5
0.10563808528386902,5.5400040316553384e-5
0.10604143052927072,5.539336024411801e-5
0.10644468029599426,5.538678459480594e-5
0.10684783521438204,5.538015125413711e-5
0.10725089721006342,5.5373809937038126e-5
0.10765386750735201,5.5367562561627836e-5
0.10805674692465923,5.5361306147734334e-5
0.1084595375103023,5.535537053743682e-5
0.10886224075897724,5.5349596764733185e-5
0.10926485923790212,5.534427413607848e-5
0.10966739380457799,5.533893659096346e-5
0.11006984496968228,5.533350378862993e-5
0.1104722134582659,5.532803268545378e-5
0.11087450006241235,5.532253607322492e-5
0.11127670559825764,5.5317016412893044e-5
0.11167882995938071,5.531122378588808e-5
0.11208087303954234,5.530516171465273e-5
0.11248283476325142,5.5298833795037996e-5
0.11288471494183161,5.52922049001565e-5
0.11328651333778718,5.528525818301259e-5
0.11368823013304984,5.5278101213336454e-5
0.1140898664456734,5.5270975901087376e-5
0.11449142324914706,5.526383204602469e-5
0.11489290056820628,5.525641399290157e-5
0.11529429896279063,5.524886867050098e-5
0.11569561888243318,5.524115855800284e-5
0.11609686202966943,5.523361617208514e-5
0.1164980286237015,5.5225832985778004e-5
0.11689911917092266,5.5217896389670515e-5
0.1173001323963873,5.520932707375525e-5
0.1177010655966462,5.519975740588694e-5
0.1181019163358701,5.51892701033007e-5
0.11850270436748521,5.518379229263245e-5
0.11890342857320917,5.517757780487103e-5
0.11930408762846839,5.5170756063055765e-5
0.1197046844307259,5.516446458076763e-5
0.12010521796387928,5.515763491027481e-5
0.12050568673662108,5.515018628841447e-5
0.120906090179857,5.514238410404192e-5
0.12130642904244346,5.513459058587991e-5
0.12170670368852295,5.5127959442354696e-5
0.12210691598831754,5.512301636687074e-5
0.12250706371058426,5.511712438603405e-5
0.12290714457669476,5.5110312216350103e-5
0.1233071585980943,5.510318653958259e-5
0.12370710595674288,5.509576807701864e-5
0.12410698652368132,5.508796668303922e-5
0.12450680283226163,5.5080490312004107e-5
0.12490655996360858,5.507399211494074e-5
0.1253062567748408,5.5066781489646796e-5
0.12570589136272414,5.505869731946679e-5
0.12610546157251543,5.504966622928899e-5
0.12650497060773366,5.504110935553758e-5
0.12690441816412534,5.503203215543886e-5
0.12730380177116107,5.5021870381178765e-5
0.12770311729260075,5.501017948760956e-5
0.12810236272999267,5.4997525514651044e-5
0.12850153732065037,5.4984201536812894e-5
0.12890065844911655,5.497502970360037e-5
0.12929973828073302,5.4968453185449745e-5
0.12969877914754924,5.4961874160188874e-5
0.13009778153293625,5.4954859714269985e-5
0.13049674322092836,5.4946679075101115e-5
0.1308956673373007,5.493875506878785e-5
0.13129455272426532,5.4929871825754366e-5
0.13169340352184306,5.4921452160430156e-5
0.13209222901405898,5.491479941836193e-5
0.13249102681344968,5.490672635849857e-5
0.13288980565837735,5.490027210794999e-5
0.13328856933884914,5.489399440163399e-5
0.13368731373467255,5.488579173149567e-5
0.1340860357960213,5.487598250450796e-5
0.13448472807126752,5.486334940654635e-5
0.1348833857934378,5.4848613602567554e-5
0.13528201120473032,5.483359570461799e-5
0.13568060525254164,5.481787001912869e-5
0.13607916462892386,5.480029444827344e-5
0.1364776944997301,5.4783152745537844e-5
0.13687619538932866,5.476513338086441e-5
0.1372746666195663,5.474595898280498e-5
0.1376731055268239,5.4725124580751e-5
0.13807149724129583,5.469941924944893e-5
0.13846989274170413,5.468652742220193e-5
0.1388682860560479,5.467080412416876e-5
0.13926666338199029,5.4650954884117096e-5
0.13966498329974195,5.46221080202194e-5
0.14006332631606,5.4614243934783095e-5
0.14046170137315103,5.460744101113318e-5
0.14086007932998143,5.4595533301853736e-5
0.14125846096993946,5.458584826911491e-5
0.14165682776261185,5.457096351809959e-5
0.14205519519895282,5.4564949862183017e-5
0.14245352349353868,5.454732688872338e-5
0.14285182660530962,5.453292101387184e-5
0.14325011492865167,5.452048847837244e-5
0.14364840211675045,5.4516154050639986e-5
0.1440466840049641,5.4511043916937815e-5
0.14444494717128797,5.4504690697028575e-5
0.14484319124357148,5.449894674476254e-5
0.1452414188025122,5.4492762750419804e-5
0.14563964268612742,5.448888157524645e-5
0.14603784746834134,5.447976648455821e-5
0.14643607252419943,5.4480254983021913e-5
0.14683430739286554,5.4476742523637585e-5
0.14723253997904232,5.4470511891444196e-5
0.14763075255214497,5.446030454923526e-5
0.14802901500784713,5.4467904225532915e-5
0.14842731771333442,5.447157910172547e-5
0.1488256535867149,5.447399942203129e-5
0.14922402250957548,5.4480120816590083e-5
0.14962239898140428,5.447849266139467e-5
0.150020824389239,5.448711629638567e-5
0.15041927187109916,5.448738972567931e-5
0.1508177085715278,5.447924340407622e-5
0.15121617440357588,5.4483038031612656e-5
0.15161465460186735,5.448169173657297e-5
0.1520131238390607,5.4473467464513826e-5
0.1524115908440462,5.446923520771731e-5
0.152810068001934,5.446731581052606e-5
0.15320855455682716,5.4464275455811696e-5
0.15360705795971305,5.4462481899777896e-5
0.15400555987429884,5.445695830629407e-5
0.15440403710331047,5.444756703651885e-5
0.1548025440482545,5.4452961766557135e-5
0.15520106003561768,5.4451646982505376e-5
0.1555995575137511,5.444363334285754e-5
0.15599807229234852,5.444634902468128e-5
0.1563965964840358,5.444595717155724e-5
0.15679510863249366,5.443994530277185e-5
0.15719357704862977,5.4427329896769535e-5
0.15759206774687232,5.44318308646467e-5
0.15799053984962452,5.442444538050411e-5
0.1583890215158532,5.442490574997701e-5
0.1587875384546792,5.443686036692919e-5
0.15918605581875492,5.4439373284441394e-5
0.15958456438660862,5.444188275272633e-5
0.15998306715938954,5.4447098533165204e-5
0.16038155540871427,5.4449244105890354e-5
0.16078001846119536,5.4447955974122016e-5
0.16117846978899822,5.4449706928111305e-5
0.16157692110465424,5.44539088674993e-5
0.16197537202553086,5.4457459943239294e-5
0.16237380637833318,5.4457687791744576e-5
0.16277221599637734,5.4456977981813956e-5
0.16317059324940505,5.445595215063043e-5
0.16356896346196356,5.446191312045812e-5
0.16396732853453275,5.446766596468578e-5
0.16436567338484812,5.446896012947613e-5
0.16476399496953428,5.4470187155544635e-5
0.1651622951781922,5.4473310128380074e-5
0.16556057019688336,5.4474909218449194e-5
0.16595881155415002,5.4473837111456296e-5
0.16635701175538783,5.4470429528257185e-5
0.16675515383134862,5.446220884127284e-5
0.16715328358643647,5.4465959546205657e-5
0.1675513958902173,5.4467723194711404e-5
0.16794947126744397,5.446419112721655e-5
0.16834751143893456,5.446365154262343e-5
0.16874551719964098,5.446607307571009e-5
0.16914348280294028,5.4466523162741633e-5
0.16954140353529282,5.446534286331849e-5
0.16993927702850328,5.446315342213188e-5
0.17033710036654076,5.445980333763582e-5
0.1707348763476522,5.445682907612338e-5
0.1711326041684197,5.445324363101087e-5
0.1715302821621617,5.44488643856875e-5
0.17192791196225826,5.444459066194989e-5
0.1723254923415941,5.4439652971641924e-5
0.17272302168893497,5.443399149965135e-5
0.17312049786680672,5.442748893471301e-5
0.17351791603165204,5.441945218369413e-5
0.17391530128330143,5.4417881578108465e-5
0.17431264976311692,5.441487560632053e-5
0.17470995448983923,5.440988269296184e-5
0.1751072174148039,5.440545544241263e-5
0.1755044373710332,5.440320362860437e-5
0.17590161234464305,5.440014594937074e-5
0.1762987406705481,5.4396398087198946e-5
0.17669581994910052,5.4391773759936936e-5
0.17709284571852785,5.4385748895086036e-5
0.17748980675329143,5.4376562647959076e-5
0.1778867377589378,5.43764967219889e-5
0.17828362705391007,5.43728835738168e-5
0.17868046365700813,5.4366327979769484e-5
0.1790772517420099,5.436087503473342e-5
0.1794739912151667,5.435801546282738e-5
0.1798706779295144,5.4353821043948595e-5
0.18026731084677788,5.4349144798455606e-5
0.1806638906483643,5.4344418687067296e-5
0.181060415468335,5.4338957124661835e-5
0.18145688375580601,5.4332870138037674e-5
0.18185329511134704,5.432646545715665e-5
0.18224964907523042,5.4319721862972154e-5
0.1826459444300287,5.4312442488300223e-5
0.18304218170988937,5.4305102636432355e-5
0.18343836102601577,5.429760230504513e-5
0.1838344836635584,5.429084767806469e-5
0.18423054876447217,5.428394600252235e-5
0.18462655556774954,5.427680068296981e-5
0.18502250495992068,5.4269785131875744e-5
0.18541839621932973,5.426242762332132e-5
0.18581422895947808,5.425481540113753e-5
0.18621000281516192,5.42469440956233e-5
0.18660571822935873,5.423902620142234e-5
0.1870013754789938,5.423101226911012e-5
0.1873969742892699,5.422276105241528e-5
0.1877925155337423,5.421458865263503e-5
0.18818800023617174,5.420653440377267e-5
0.1885834276844648,5.419814716405675e-5
0.18897879295274264,5.418833428806803e-5
0.1893741050506067,5.41808509629785e-5
0.18976937314301784,5.4175646322046524e-5
0.19016459009116882,5.416841293654058e-5
0.19055975343877282,5.416055575099497e-5
0.19095486433424658,5.415435888103364e-5
0.19134992198690703,5.414918003240296e-5
0.19174492568469692,5.414364062600393e-5
0.19213987433070914,5.413763887839138e-5
0.19253476772816394,5.413141782884172e-5
0.1929296065286728,5.4125198491378554e-5
0.19332439145868383,5.4118997061411244e-5
0.19371912256760065,5.41126358633668e-5
0.19411380085507698,5.4106375428240315e-5
0.19450842607552093,5.4099878502637056e-5
0.19490299904474076,5.4093438713235836e-5
0.19529752074049805,5.408709113618888e-5
0.19569199150897104,5.4080667200341224e-5
0.19608641119436176,5.407403887399008e-5
0.1964807797762035,5.406724616093874e-5
0.19687509683146004,5.4060180761290065e-5
0.19726936306982898,5.405314744742918e-5
0.19766357874411739,5.404601636669102e-5
0.19805774434729984,5.403885703387147e-5
0.1984518595463496,5.403145051260516e-5
0.19884592375620674,5.4023740272290496e-5
0.19923993770101395,5.40160816450421e-5
0.19963390042359314,5.4008023901078425e-5
0.20002781269300116,5.4000049262198566e-5
0.20042167012530757,5.399078462592496e-5
0.20081549955746827,5.398859148259125e-5
0.20120929137925864,5.398354584881465e-5
0.20160303875934762,5.3976709669514044e-5
0.20199674580692523,5.397098859085767e-5
0.2023904131079624,5.396646345747581e-5
0.20278404082235166,5.396343349646956e-5
0.20317762788034938,5.395994461386239e-5
0.2035711743431616,5.3956309647926965e-5
0.20396468149232352,5.395284472529554e-5
0.2043581490138931,5.394911954922955e-5
0.20475157621334336,5.3945050233481714e-5
0.20514496486039194,5.3941299683795924e-5
0.205538316070726,5.393767906368168e-5
0.20593163087278157,5.3934176759541414e-5
0.2063249109330254,5.393097000483838e-5
0.2067181567997485,5.392776391809912e-5
0.20711137098073135,5.392509808090089e-5
0.20750455344839216,5.392229268166628e-5
0.20789770125427948,5.391860336815207e-5
0.20829080892873433,5.391339556893813e-5
0.20868389871039406,5.391407931344998e-5
0.20907696249115393,5.3912378089090026e-5
0.2094699934498994,5.390890775232886e-5
0.2098629942729262,5.3906208857422414e-5
0.2102559649356128,5.3904934931113245e-5
0.21064890314964996,5.3904172482032696e-5
0.2110418086124432,5.390320871497652e-5
0.21143468211715635,5.390232049811197e-5
0.21182752350474737,5.390124747194129e-5
0.21222033192178016,5.389981619998888e-5
0.21261310718849602,5.389821468784634e-5
0.2130058500080333,5.389667511978145e-5
0.21339855968281235,5.3894819671362756e-5
0.21379123617975068,5.3892838224989905e-5
0.2141838798098427,5.389081773062417e-5
0.2145764907343952,5.388871598313086e-5
0.21496906921039902,5.388655963597206e-5
0.2153616161319156,5.38845170799964e-5
0.2157541320487921,5.388249068172601e-5
0.21614661638021615,5.388018082517762e-5
0.21653906907190654,5.387773487474585e-5
0.21693149117302987,5.387544001445032e-5
0.2173238825723003,5.38729757955451e-5
0.21771624324518773,5.387037214562556e-5
0.21810857440489728,5.386795509608577e-5
0.21850087584133981,5.386533255064449e-5
0.21889314702466295,5.386242784938882e-5
0.219285387972155,5.385938585041321e-5
0.21967759915837307,5.385632068372848e-5
0.22006978007451927,5.385296380056597e-5
0.2204619313026711,5.384961132860093e-5
0.22085405305123476,5.384615282255678e-5
0.22124614460233677,5.384234330031615e-5
0.2216382056296865,5.383829393921611e-5
0.2220302360400895,5.3834064000553636e-5
0.22242223533113065,5.3829544477518894e-5
0.22281420402503313,5.382501546445e-5
0.2232061409354936,5.3820019282176655e-5
0.22359804387313945,5.381431066186797e-5
0.2239899085381479,5.380734549050083e-5
0.22438175316019573,5.380515865353689e-5
0.22477357184580055,5.380116202513898e-5
0.22516535923746414,5.3795720186168686e-5
0.22555711888142854,5.379122488876016e-5
0.2259488504452711,5.378700563907205e-5
0.22634055156993332,5.3784295555972896e-5
0.22673222146694688,5.3781234034110477e-5
0.22712385980464106,5.377794173512965e-5
0.22751546365523673,5.3773734596488614e-5
0.2279070378259429,5.377071203677765e-5
0.22829859185491186,5.3770094368553826e-5
0.22869011889537824,5.3767504145560925e-5
0.22908161697721185,5.3764400173560354e-5
0.2294730892677775,5.376213795659557e-5
0.2298645344263631,5.37607796946479e-5
0.230255950856107,5.3760221232079436e-5
0.23064733928394185,5.375972194707737e-5
0.2310387000220425,5.375915596744732e-5
0.23143003609325347,5.375925314487666e-5
0.23182134665213955,5.375896613413157e-5
0.23221263134251705,5.37584617730492e-5
0.23260389109932342,5.375808381033431e-5
0.23299512640709658,5.375770506861851e-5
0.23338633799176392,5.375739654260181e-5
0.23377752599780915,5.375700349625331e-5
0.2341686909005838,5.3756620575535057e-5
0.2345598324987286,5.37560657764189e-5
0.23495095069824198,5.3755373980168695e-5
0.23534204619196544,5.37547547070523e-5
0.23573311861164756,5.375391924797111e-5
0.236124167547404,5.3752865799931555e-5
0.23651519288742426,5.3751674891728746e-5
0.23690619446330333,5.3750330245490655e-5
0.23729717219307347,5.374885735192032e-5
0.23768812606032313,5.3747275866566196e-5
0.23807905563752554,5.374547956086765e-5
0.23846996029468304,5.374342297370391e-5
0.23886083976831243,5.3741212282091474e-5
0.23925169260954052,5.373853689875387e-5
0.23964251586881513,5.373501656800397e-5
0.2400333218301268,5.3734742150260345e-5
0.24042411300452537,5.373500274908548e-5
0.24081488404390658,5.373380422011083e-5
0.241205635443643,5.3732791531352926e-5
0.24159637022111163,5.3732615216390195e-5
0.2419870871144486,5.373399970296305e-5
0.2423777851448835,5.37357446169738e-5
0.24276846435800556,5.373740541126369e-5
0.2431591244064057,5.373886997226199e-5
0.2435497648980787,5.374013229604866e-5
0.24394038608705385,5.374136895970077e-5
0.24433098751885754,5.374238922049974e-5
0.24472156865277964,5.3743178942491965e-5
0.24511212910892724,5.374378416934796e-5
0.24550267011163793,5.374463412392222e-5
0.2458931919773218,5.3745475416837565e-5
0.2462836940105313,5.3746046807263445e-5
0.24667417625394242,5.3746554314134744e-5
0.24706464200258718,5.3747861348578114e-5
0.24745509104582067,5.3749006209955425e-5
0.24784552253632391,5.374984773163348e-5
0.2482359367753879,5.3750697012977235e-5
0.2486263337250897,5.375145313037301e-5
0.24901671309761472,5.375205108465923e-5
0.24940707533106588,5.375268568130911e-5
0.2497974210717108,5.375340560343885e-5
0.25018774998706594,5.375394667183694e-5
0.2505780617893256,5.3754327600285245e-5
0.25096835688376046,5.375473201464851e-5
0.25135863519969665,5.375502619068168e-5
0.25174889641664755,5.3755146598015326e-5
0.2521391404283057,5.375515207540314e-5
0.2525293671313505,5.3755041748530125e-5
0.25291957647897717,5.3754831482174936e-5
0.2533097681627093,5.375445244135865e-5
0.25369994212686187,5.37539768925699e-5
0.25409009853280573,5.375346464559165e-5
0.2544802367539923,5.3752708626601445e-5
0.2548703561877614,5.375172854782162e-5
0.2552604552594273,5.375027296366639e-5
0.25565053264430454,5.374842740372028e-5
0.25604060384581845,5.375070526745684e-5
0.2564306622645737,5.3751080347166455e-5
0.2568207044528402,5.3750596989416864e-5
0.2572107329200421,5.375084347655262e-5
0.2576007468997904,5.375092173506785e-5
0.25799074534048066,5.375278025781475e-5
0.25838072784153443,5.3755019717057125e-5
0.2587706938894901,5.3757041342489816e-5
0.2591606429977002,5.375885507903278e-5
0.25955057476873156,5.3760488499944983e-5
0.25994048887057575,5.376196326224159e-5
0.2603303860171795,5.376356357775991e-5
0.2607202660428873,5.3765050258736976e-5
0.2611101287375052,5.3766422712783634e-5
0.2614999740839851,5.376773643386993e-5
0.2618898035893117,5.376940102752467e-5
0.26227961719468157,5.377098813830025e-5
0.2626694143838413,5.377239058988263e-5
0.26305919518124815,5.3773758523590836e-5
0.26344895946877767,5.37750507791113e-5
0.26383870706000884,5.377625145093087e-5
0.26422843966050136,5.377786891807405e-5
0.26461815730940796,5.377944295246587e-5
0.2650078596805934,5.378089036200195e-5
0.26539754720230063,5.378241658057088e-5
0.2657872197919324,5.37838790214784e-5
0.2661768772570347,5.378525265106282e-5
0.2665665195655317,5.378658128944803e-5
0.2669561469822839,5.378794312542226e-5
0.26734575949300937,5.378926091464517e-5
0.26773535713390545,5.379055031357124e-5
0.26812494008961507,5.379185042983519e-5
0.2685145083161535,5.379309848822383e-5
0.26890406167157477,5.379426965842775e-5
0.2692936013379758,5.3795719169325284e-5
0.2696831275058038,5.379717027220392e-5
0.2700726400211492,5.379853840699637e-5
0.27046213955830506,5.380004768920754e-5
0.27085162614143404,5.380151644266331e-5
0.27124110027851805,5.3803078977031525e-5
0.2716305619343223,5.38045848586371e-5
0.2720200109875505,5.3806014424991406e-5
0.27240944759294045,5.380744116206819e-5
0.2727988717063683,5.380880824533112e-5
0.27318828333416856,5.381012950507229e-5
0.27357768242035563,5.381138638002483e-5
0.2739670692324119,5.381266466304558e-5
0.2743564437558827,5.38138846130581e-5
0.2747458058220143,5.381500553582355e-5
0.27513515542527245,5.381607068670445e-5
0.27552449247110866,5.381705301049775e-5
0.2759138170133368,5.381799115052892e-5
0.27630312907906196,5.3818874812639916e-5
0.2766924291166816,5.381981536332741e-5
0.2770817169752537,5.382064668113089e-5
0.2774709926343898,5.382140667720711e-5
0.27786025633476635,5.382216224934769e-5
0.2782495083882312,5.382292842285103e-5
0.2786387485874745,5.382356339241335e-5
0.2790279770248131,5.3824149847242665e-5
0.2794171943294475,5.382482765914084e-5
0.27980640087245773,5.382552180091467e-5
0.2801955966155694,5.3826123350437e-5
0.28058478321709196,5.382709025278687e-5
0.28097396049925555,5.382791569322299e-5
0.2813631280440768,5.3828550312566763e-5
0.28175228597636337,5.382914217596474e-5
0.28214143415992465,5.382961819358645e-5
0.2825305722954707,5.3829939225896624e-5
0.2829197000659455,5.3830105581917664e-5
0.2833088169971489,5.38300805277611e-5
0.28369792218197437,5.382975622622844e-5
0.28408701375562057,5.382888810114338e-5
0.2844760935362803,5.382848457478529e-5
0.28486517201221306,5.3830860525945244e-5
0.2852542434871156,5.383162086431569e-5
0.2856433055563659,5.383180315121817e-5
0.2860323599488588,5.3832513347815884e-5
0.2864214059531348,5.383367353204811e-5
0.2868104426235626,5.3836512078342624e-5
0.2871994697054047,5.383920351846654e-5
0.28758848725820635,5.384183026057079e-5
0.287977495045031,5.384431192665061e-5
0.2883664927667042,5.38466386434048e-5
0.2887554804146017,5.3848893354198394e-5
0.2891444578793041,5.385105068183358e-5
0.2895334250840082,5.385312383592842e-5
0.28992238227799044,5.3855203320915604e-5
0.29031132940815096,5.3857207950413084e-5
0.29070026635618407,5.3859124885575155e-5
0.2910891935017595,5.386109026448466e-5
0.29147811160687065,5.386320439825915e-5
0.2918670204642387,5.386520499846318e-5
0.2922559213396602,5.38674969804613e-5
0.2926448144733537,5.3869793497955394e-5
0.29303369966688697,5.387198553299521e-5
0.29342257703600283,5.3874161079649144e-5
0.29381144722693703,5.3876460075491394e-5
0.2942003106487953,5.38788143513339e-5
0.2945891671505435,5.388107493859069e-5
0.29497801666414,5.3883268076154996e-5
0.2953668593171389,5.3885444860021206e-5
0.29575569503261007,5.3887547831000915e-5
0.2961445237247386,5.388957529530193e-5
0.29653334571665496,5.38916363050014e-5
0.2969221616189092,5.389380395482833e-5
0.29731097139306745,5.3895900465076274e-5
0.2976997758066938,5.389814704627981e-5
0.298088575603614,5.390052988375803e-5
0.2984773711335274,5.390294235552508e-5
0.2988661623786949,5.3905287778748524e-5
0.2992549493776803,5.39075830297949e-5
0.2996437323023864,5.3909862193681354e-5
0.30003251105803586,5.391205108550989e-5
0.3004212882610362,5.3914880621756315e-5
0.300810063786939,5.391759045940906e-5
0.3011988379320532,5.392031546636873e-5
0.3015876110934306,5.392307803455902e-5
0.3019763831288456,5.3925730948076924e-5
0.30236515380125745,5.392825165869773e-5
0.3027539229328892,5.3930655332049565e-5
0.30314269042300496,5.393296069396632e-5
0.3035314585412829,5.3935804253488816e-5
0.3039202271869824,5.393852773630566e-5
0.3043089959867605,5.394107610415075e-5
0.304697764928765,5.39435472686352e-5
0.30508653384410206,5.394589432732689e-5
0.3054753024601712,5.394808891117195e-5
0.30586407049252085,5.395012680933245e-5
0.3062528376744796,5.395201094405051e-5
0.30664160379271266,5.3953753496965204e-5
0.3070303684294405,5.39552968168682e-5
0.3074191315372626,5.3956740091010194e-5
0.3078078928228521,5.395801172787405e-5
0.30819665177659233,5.395905302158203e-5
0.308585408911086,5.396013859595601e-5
0.3089741660633573,5.396161480114009e-5
0.30936292311488833,5.396294222667303e-5
0.30975167938420106,5.396398297343104e-5
0.3101404353987005,5.39650647140225e-5
0.310529191244312,5.3966056379675564e-5
0.31091794608252393,5.3966710527394555e-5
0.31130669922298027,5.396707267981768e-5
0.3116954560789733,5.3968785557599786e-5
0.3120842158298085,5.397012087620933e-5
0.31247297705918603,5.3970970629899155e-5
0.3128617398352606,5.3971740969992824e-5
0.3132505033491287,5.397218657457924e-5
0.31363926573705153,5.397203528875578e-5
0.31402802347311454,5.3970854260952693e-5
0.3144167923383248,5.397387040225084e-5
0.31480556761576384,5.397541946916685e-5
0.3151943452696628,5.397587047552816e-5
0.315583127276487,5.3976855377261283e-5
0.3159719130791971,5.3977665160605484e-5
0.3163607012969461,5.397949297771024e-5
0.31674949138746633,5.398227205041662e-5
0.3171382831137016,5.3984842669643574e-5
0.3175270762030355,5.398719500641272e-5
0.31791587030284163,5.398931119609306e-5
0.3183046655375789,5.399132666367392e-5
0.3186934617650125,5.3993172944103174e-5
0.31908225840137794,5.3994741431138725e-5
0.3194710550140372,5.399608560219591e-5
0.31985985110219894,5.399719627646338e-5
0.3202486458598621,5.399800378215237e-5
0.3206374391981374,5.399871789305289e-5
0.32102622709007667,5.399828703084187e-5
0.3214150266424254,5.4002460551964454e-5
0.3218038320503796,5.400491489074441e-5
0.322192638937063,5.4006248384447915e-5
0.3225814493383378,5.400820265211251e-5
0.3229702631890417,5.40101882655146e-5
0.3233590791052656,5.401268638767309e-5
0.3237478967965969,5.401696753572714e-5
0.32413671566442004,5.402103332612005e-5
0.3245255349500902,5.4024847657256584e-5
0.32491435432466376,5.4028528874060484e-5
0.32530317345030824,5.40320738573403e-5
0.32569199208402283,5.403551019683845e-5
0.32608080990872285,5.403881794753585e-5
0.32646962800013085,5.404237343499526e-5
0.3268584461596976,5.404582102932967e-5
0.3272472643992769,5.4049226835859954e-5
0.32763608302113867,5.405266590956534e-5
0.3280249017230131,5.405597118602673e-5
0.3284137201433617,5.4059129969038074e-5
0.3288025386407594,5.406233554820673e-5
0.3291913580834933,5.406571864790673e-5
0.32958017814558715,5.406895231337197e-5
0.3299689987233213,5.407210584331269e-5
0.33035781966852357,5.4075164995705005e-5
0.3307466407055929,5.407809558474338e-5
0.3311354618997252,5.408109582116368e-5
0.3315242859684269,5.408524240986879e-5
0.3319131123397703,5.4089381995602166e-5
0.332301940272888,5.409338753686935e-5
0.3326907698152026,5.4097424371441844e-5
0.3330796006377664,5.410136046584569e-5
0.33346843221010675,5.4105131944299377e-5
0.33385726415881706,5.4108775903666605e-5
0.3342460961667982,5.4112302296157405e-5
0.33463492774210335,5.4115661082188394e-5
0.33502375882546326,5.411896908608962e-5
0.33541258917090727,5.4122171383463995e-5
0.33580141817684717,5.4125172712477784e-5
0.3361902456654806,5.4128089764537994e-5
0.3365790711182098,5.4130826331503425e-5
0.33696789652056003,5.413406152939381e-5
0.3373567222311116,5.413733542616694e-5
0.33774554737860285,5.414032902297965e-5
0.3381343717733729,5.4143235789451217e-5
0.3385231952761412,5.414606283354912e-5
0.3389120177505917,5.4148809728249306e-5
0.3393008389092746,5.4151434699050814e-5
0.339689658814427,5.415403255192386e-5
0.3400784788736777,5.415696337159831e-5
0.34046729976269197,5.416001787588248e-5
0.34085612094805123,5.416287459973814e-5
0.341244942417902,5.4165683250107093e-5
0.34163376521834793,5.416872433625032e-5
0.34202258912417083,5.417164436108746e-5
0.3424114148140162,5.417469693600515e-5
0.3428002426998248,5.417780116357296e-5
0.34318907257416353,5.41807903028382e-5
0.34357790413179673,5.4183641138260456e-5
0.34396673721862575,5.418639324723214e-5
0.3443555716420235,5.418903279043827e-5
0.3447444069959831,5.419150007863017e-5
0.34513324291598535,5.419380562199799e-5
0.3455220789752755,5.41959296380581e-5
0.345910914853788,5.4197898793723193e-5
0.34629975032332916,5.419973428637768e-5
0.34668858472006525,5.4201314597781926e-5
0.3470774173831351,5.420264095154872e-5
0.3474662485585203,5.4203955425269197e-5
0.3478550834324051,5.4206584871882075e-5
0.3482439205971374,5.420870297651632e-5
0.34863275883765443,5.42104130518528e-5
0.3490215983643749,5.4212094836060285e-5
0.3494104389994859,5.421362748635728e-5
0.34979928007913885,5.4214878478019644e-5
0.3501881219085866,5.421610959780279e-5
0.3505769702580969,5.421878824238113e-5
0.3509658238296984,5.4220953898793436e-5
0.35135468200700315,5.422284502504705e-5
0.35174354491158694,5.4224650216508085e-5
0.35213241182625094,5.4226131033010545e-5
0.3525212813550405,5.422710490958828e-5
0.35291015413520516,5.422812181051332e-5
0.3532990352440437,5.423036202175543e-5
0.35368792202895283,5.423169291724472e-5
0.35407681381716866,5.4232708686700996e-5
0.3544657193738452,5.423594284736231e-5
0.35485463698326475,5.4238478465707556e-5
0.3552435643839768,5.424025022423185e-5
0.35563250198828794,5.4241981010191034e-5
0.3560214488863393,5.424328699997686e-5
0.3564104042838173,5.424420745069194e-5
0.3567993667963841,5.424457977217036e-5
0.35718833480541723,5.4244344919460795e-5
0.3575773077743571,5.4243799151176016e-5
0.3579662830468583,5.4242363682798036e-5
0.35835526387522965,5.424166225108725e-5
0.3587442578851767,5.42428422996954e-5
0.3591332691572619,5.4244926704195834e-5
0.35952229991052015,5.424746285936571e-5
0.3599113475216849,5.424918026238762e-5
0.36030041117005684,5.425063471778354e-5
0.3606894890205356,5.425156975196461e-5
0.3610785841016835,5.425585836630223e-5
0.361467702651835,5.426164789923608e-5
0.36185683885292663,5.426566627031761e-5
0.36224599209762454,5.426943958213213e-5
0.3626351641279341,5.427358357133173e-5
0.3630243531915366,5.4277160262244314e-5
0.36341355897170996,5.428304584271994e-5
0.3638027805435041,5.4288598031991853e-5
0.36419201653681704,5.42935612619315e-5
0.36458126654269135,5.429819719547411e-5
0.36497052974268357,5.430238766079843e-5
0.3653598054606943,5.430617489928883e-5
0.36574909308584436,5.430957469502779e-5
0.3661383920724848,5.431260240869047e-5
0.36652770161676246,5.431518466695917e-5
0.3669170207841941,5.4317284094750114e-5
0.36730634862539335,5.431889245091517e-5
0.36769568414937054,5.431999230924675e-5
0.3680850261514204,5.4320518943832874e-5
0.3684743753082411,5.4320975775576965e-5
0.3688637339199062,5.43217791955701e-5
0.36925309997156325,5.432173953045233e-5
0.36964247177170756,5.4320970507067324e-5
0.3700318482282559,5.4319621358426564e-5
0.37042122714507836,5.431737788340807e-5
0.37081060547725575,5.431400889430792e-5
0.3711999796665413,5.430937190396463e-5
0.37158934218140427,5.4302385182279914e-5
0.3719786763763002,5.4290603425438e-5
0.3723680070165167,5.428530114925291e-5
0.3727573562918212,5.4285443722259354e-5
0.3731467237795024,5.428494512396885e-5
0.3735361011795705,5.4281866837734836e-5
0.37392549234767697,5.427956817149234e-5
0.37431491029409286,5.4280439293321556e-5
0.3747043417254162,5.42773111755236e-5
0.3750937831541066,5.427307891783843e-5
0.3754832337224474,5.42684061192716e-5
0.3758726779000054,5.4259348428525476e-5
0.37626215034316673,5.425965651094305e-5
0.376651650853104,5.4259571243544746e-5
0.3770411742184545,5.4258115927016496e-5
0.3774307141932003,5.4255146001747965e-5
0.37782026917150796,5.425535462342146e-5
0.37820983495807453,5.425700568930849e-5
0.3785994113689895,5.4260991559007874e-5
0.3789889922725626,5.426308563022984e-5
0.3793785906455122,5.426851714885183e-5
0.3797681996109663,5.427177045735012e-5
0.38015781023938894,5.427246912235884e-5
0.380547411698081,5.427013163716231e-5
0.3809370457219333,5.4279012806762087e-5
0.38132669790688806,5.428379096429453e-5
0.38171634958992284,5.428584281142824e-5
0.3821059966429866,5.4286667250181995e-5
0.38249568573181375,5.4299893403131026e-5
0.3828853932520078,5.430612617784902e-5
0.3832751073873948,5.4309151407972075e-5
0.38366483535640383,5.431403142061729e-5
0.3840545744294619,5.4317942038595e-5
0.38444432033495946,5.432057515909298e-5
0.38483407442463297,5.432349305627603e-5
0.3852238384751646,5.432679851662611e-5
0.3856136136276416,5.433035536450188e-5
0.3860034008390668,5.4334161182042775e-5
0.386393199304677,5.433921570580532e-5
0.3867830079700341,5.434518172311442e-5
0.38717282843986717,5.435144686703532e-5
0.3875626598914876,5.435734130078221e-5
0.3879525015407459,5.4362892079699884e-5
0.3883423536583015,5.4368382365316627e-5
0.3887322161671703,5.4373708507938695e-5
0.3891220890824839,5.437889790616803e-5
0.38951197132875537,5.4383654053105544e-5
0.3899018626238731,5.438819981809795e-5
0.39029176237664,5.439244385431939e-5
0.3906816695648977,5.439627068744932e-5
0.3910715831902054,5.4399688407276955e-5
0.3914615028336068,5.44028514953652e-5
0.3918514275055133,5.4405598251827904e-5
0.3922413560171802,5.440787664161916e-5
0.39263129012806436,5.4410483653708706e-5
0.3930212274903281,5.4412279863422245e-5
0.39341117456830627,5.4415682770304446e-5
0.39380113568103836,5.442003728539032e-5
0.3941911090070765,5.4423697092825504e-5
0.39458109377696293,5.4426993734872124e-5
0.39497109115928103,5.4430438131219116e-5
0.39536110502499366,5.44347419456377e-5
0.39575113353467617,5.443833238971783e-5
0.39614117614780786,5.444160350101523e-5
0.3965312333078928,5.444480531586258e-5
0.3969213048638474,5.444776365583257e-5
0.3973113913246466,5.4450657660679986e-5
0.39770149388621,5.445366406519944e-5
0.3980916115768687,5.445618696654054e-5
0.3984817432315141,5.445818919293544e-5
0.3988718889219924,5.446000553627138e-5
0.3992620477447302,5.4461361519423765e-5
0.39965222271281553,5.4463328598326416e-5
0.40004241373477184,5.446503896424932e-5
0.40043261841997324,5.446590370567705e-5
0.40082283526087353,5.446619136588838e-5
0.40121307725046257,5.4469838203335946e-5
0.4016033405443442,5.4472187064031294e-5
0.4019936206486462,5.4473228043070245e-5
0.40238392106861764,5.447516217997094e-5
0.40277424251645144,5.447720408238309e-5
0.4031645815656955,5.447892036208419e-5
0.4035549364258505,5.448216471856099e-5
0.4039453030864714,5.448419795325297e-5
0.40433567320451697,5.448388972133893e-5
0.40472608391958864,5.4495184870375585e-5
0.405116511219497,5.450075153307677e-5
0.40550694531052134,5.4503623063247e-5
0.4058973981297208,5.4509562564110146e-5
0.40628786824649543,5.451477242514139e-5
0.406678352447095,5.451888526106656e-5
0.4070688524672781,5.452325785999653e-5
0.40745937314479985,5.452869156306936e-5
0.4078499148559928,5.4533954224580185e-5
0.4082404760778299,5.4538568294489204e-5
0.408631059243687,5.4543619358557764e-5
0.4090216643697669,5.4548416988485245e-5
0.4094122903913765,5.455268477869611e-5
0.4098029370892754,5.4556655662088e-5
0.410193607359077,5.456116148521619e-5
0.41058430488925163,5.456638694844787e-5
0.4109750271264498,5.4570629498022286e-5
0.4113657733544167,5.4574432600436575e-5
0.4117565441405691,5.457812208928535e-5
0.41214733861363756,5.458129169905766e-5
0.4125381557770392,5.4583914204514813e-5
0.41292899813462786,5.45869351931317e-5
0.4133198666296093,5.4589900887444886e-5
0.413710759002221,5.459195623030878e-5
0.41410167619253524,5.4593996187407864e-5
0.4144926196504492,5.4596136644291534e-5
0.41488358673727666,5.4597273507820124e-5
0.41527457421470154,5.4597288948901324e-5
0.4156655813683422,5.459688600451416e-5
0.4160566155703302,5.459825504070917e-5
0.4164476914867029,5.4603334108502114e-5
0.41683879630556386,5.4604653437653244e-5
0.41722992616481763,5.460761292790663e-5
0.4176210834989641,5.461101698627191e-5
0.4180122636760018,5.4612840903351344e-5
0.4184034621167419,5.4613169823922584e-5
0.4187946762035947,5.461255318202232e-5
0.41918593592160736,5.4619832629400634e-5
0.4195772264974195,5.462318891886786e-5
0.41996853827756475,5.46261164307201e-5
0.42035987748260223,5.4630434490357976e-5
0.4207512427302224,5.463395792870119e-5
0.42114262942459135,5.4635884833166855e-5
0.4215340370028286,5.463734252013939e-5
0.42192546411134146,5.4638094614828736e-5
0.4223169090174137,5.463805936708413e-5
0.42270836772633025,5.463664347594668e-5
0.42309987969307156,5.4645654480315e-5
0.42349142034690807,5.464742248346341e-5
0.4238829801233126,5.4648601747219466e-5
0.4242745701179876,5.465332631959095e-5
0.4246661844286316,5.465592633947087e-5
0.4250578161515814,5.465626468762755e-5
0.4254494679175089,5.4656921852760936e-5
0.42584114163514314,5.465761811208071e-5
0.42623284497924446,5.465991905464121e-5
0.4266245860150964,5.466388304258788e-5
0.4270163610078467,5.4666313916403e-5
0.42740816803114473,5.4667799099550375e-5
0.4278000105555722,5.466978397115333e-5
0.42819188623946597,5.467065372860827e-5
0.42858379165889837,5.467017018471204e-5
0.42897572706395065,5.466934584551119e-5
0.4293676984358308,5.4669716412441755e-5
0.42975969924867496,5.4667872177818225e-5
0.43015171907809974,5.4662889006127116e-5
0.43054377368306285,5.466191362939193e-5
0.43093586689892527,5.466154483684454e-5
0.4313279950710913,5.466195499134006e-5
0.4317201631893513,5.466418746702388e-5
0.43211236498531524,5.4667057487629366e-5
0.43250459492117466,5.466798768802184e-5
0.43289685337541506,5.4668498918893205e-5
0.43328913706054833,5.466755282989799e-5
0.4336814407596244,5.4664667933225754e-5
0.43407376026576455,5.4660145391055927e-5
0.43446611301517424,5.465984341246282e-5
0.4348585005696551,5.4659315604573555e-5
0.43525090487408574,5.465421736484253e-5
0.4356433239277175,5.465031219223188e-5
0.4360357617303093,5.464684393501032e-5
0.4364282163980832,5.464217548573008e-5
0.4368207013703637,5.4640497152474724e-5
0.43721320403284497,5.4634654520973375e-5
0.43760571357341493,5.462536351844946e-5
0.43799826003219794,5.462365132869302e-5
0.43839084082821217,5.462039863064689e-5
0.43878347740141227,5.46223987125079e-5
0.439176157595547,5.46204250998553e-5
0.43956886734760575,5.4614290000357904e-5
0.43996161058733724,5.461154779210663e-5
0.44035438931160414,5.460872138793089e-5
0.44074720422733643,5.46057243706187e-5
0.4411400497317229,5.460306960546144e-5
0.4415329226852624,5.459890319325664e-5
0.44192581402079023,5.459164069412031e-5
0.44231871123206623,5.458043470494482e-5
0.4427116296319106,5.4572854770837395e-5
0.443104568969995,5.45645386625748e-5
0.44349753018804255,5.455601928050357e-5
0.44389054940197126,5.455685326598149e-5
0.44428361284513895,5.455343169663899e-5
0.4446766945718951,5.454683977131511e-5
0.44506979066311736,5.454110413725536e-5
0.4454629213613269,5.454418593415832e-5
0.44585608586689734,5.454758214607054e-5
0.44624927319791224,5.4547273334944764e-5
0.44664251753721207,5.4555508995508436e-5
0.44703579415697325,5.45560840949308e-5
0.44742908499571943,5.455131486263971e-5
0.44782239647833366,5.4547758383251236e-5
0.4482157318558199,5.454440088350121e-5
0.44860910666527243,5.4544636796316414e-5
0.44900252242305716,5.454467141183131e-5
0.4493959615490665,5.4539579394756376e-5
0.44978942414026885,5.4536604812912264e-5
0.45018290482887996,5.4532207357478416e-5
0.45057637946220064,5.4521006089018235e-5
0.4509698906540369,5.45211996017827e-5
0.45136345577077236,5.452557340586476e-5
0.4517570654870743,5.4527332031175423e-5
0.4521507006059491,5.4527665430061884e-5
0.4525443607474089,5.45301877582852e-5
0.4529380437580221,5.453312176746785e-5
0.4533317425653601,5.45376881341669e-5
0.45372545559723815,5.45426867745315e-5
0.45411917815127656,5.454870432226541e-5
0.45451290964236446,5.455568330538562e-5
0.4549066590052106,5.456643859277568e-5
0.4553004280086234,5.457718762505336e-5
0.4556942111758253,5.4586069161762806e-5
0.4560880102602387,5.459509905148109e-5
0.4564818263551666,5.4604053325526375e-5
0.45687565728797896,5.4612075916738565e-5
0.4572695046772972,5.4620228593362943e-5
0.4576633665033776,5.46275155364379e-5
0.4580572403859521,5.463388424111585e-5
0.45845112578492137,5.46398448672803e-5
0.4588450212564552,5.4645151515820306e-5
0.459238926653653,5.465017398587991e-5
0.4596328426132619,5.465512632230008e-5
0.46002676652936303,5.465914521681736e-5
0.46042069672065855,5.4662771129472484e-5
0.46081463847180637,5.466816523948741e-5
0.46120858947710425,5.4672933577449445e-5
0.46160254377032356,5.467605700344955e-5
0.46199649954985594,5.467866288071512e-5
0.46239046695591207,5.468393676981593e-5
0.46278446112428345,5.469314963467129e-5
0.463178462911505,5.469707107088471e-5
0.4635724697859736,5.470177698652257e-5
0.46396648873914437,5.4709846697744524e-5
0.46436051418828056,5.471618954867425e-5
0.4647545445927643,5.4722005149517696e-5
0.4651485815143528,5.472809696968048e-5
0.4655426225714895,5.4733384016429434e-5
0.465936666692007,5.4738258787434336e-5
0.4663307180325973,5.4744124080046886e-5
0.4667247745090165,5.474926159715478e-5
0.46711883605525073,5.4754273521762305e-5
0.4675129029446826,5.475923775713093e-5
0.4679069735284344,5.476363714090756e-5
0.46830104728391314,5.476779377973815e-5
0.46869512402791985,5.477179121097479e-5
0.46908920246593117,5.4775328684319755e-5
0.4694832829613824,5.4778863367235095e-5
0.4698773650787621,5.478216665309349e-5
0.4702714474754738,5.478500143505505e-5
0.47066553018455615,5.4787745883822e-5
0.47105961341025143,5.479043411714571e-5
0.4714536957799334,5.479263939505747e-5
0.4718477775218747,5.479480567515743e-5
0.4722418581434984,5.479672383715393e-5
0.4726359364163768,5.479820037099641e-5
0.4730300116917819,5.479939579323575e-5
0.4734240833840761,5.480031992604593e-5
0.47381815055624615,5.480087519863675e-5
0.4742122123433991,5.480108139873708e-5
0.474606268084906,5.4800990047216156e-5
0.4750003171892451,5.4800614984681104e-5
0.47539436063857093,5.4800376841764035e-5
0.475788397234728,5.479967152273705e-5
0.47618242696283203,5.4798833280807656e-5
0.47657645083201206,5.479812437334486e-5
0.4769704672598018,5.479683392134092e-5
0.4773644753274809,5.479515869373437e-5
0.47775847523342974,5.4793389314316796e-5
0.4781524702027702,5.479232815162335e-5
0.478546462514637,5.4791691535004896e-5
0.4789404513042369,5.4790637340416956e-5
0.4793344365685916,5.478942070285601e-5
0.47972841943975497,5.478833582812696e-5
0.4801223993562283,5.478691284706411e-5
0.48051637522805885,5.478502024036218e-5
0.4809103467880587,5.478288088593028e-5
0.48130431636030485,5.478118418840284e-5
0.4816982826807001,5.477894086283898e-5
0.4820922440558232,5.477606684706038e-5
0.48248620430497974,5.477405390955845e-5
0.4828801619539108,5.4771434265278544e-5
0.4832741135287356,5.476772253057914e-5
0.48366805677177327,5.476327301958382e-5
0.4840619896146767,5.475813951223951e-5
0.48445594116898233,5.4760742542895265e-5
0.48484989171141873,5.475768853019701e-5
0.48524383251679526,5.4752386092668355e-5
0.4856377767059461,5.47512865868537e-5
0.4860317188774335,5.475068835826114e-5
0.48642565151331235,5.474788325690277e-5
0.4868195790602588,5.474611419684146e-5
0.4872135024880672,5.4744346683376623e-5
0.4876074200134611,5.474188036086348e-5
0.4880013373737318,5.4740777432293503e-5
0.4883952507410374,5.473841321758576e-5
0.4887891557893529,5.4734752564212134e-5
0.4891830504385283,5.473042208347279e-5
0.48957694500664856,5.472876427676178e-5
0.4899708506287087,5.4729923810603546e-5
0.49036475069373114,5.4726455482754186e-5
0.49075864473653796,5.472510476400591e-5
0.49115253715822815,5.472536017017655e-5
0.491546422357059,5.472383864841279e-5
0.49194029865216177,5.472168009103595e-5
0.49233416669818236,5.4719480163063494e-5
0.4927280222059106,5.471589092365203e-5
0.4931218605145196,5.4710857277151905e-5
0.4935156759435818,5.470410957577985e-5
0.4939095027600561,5.4706418782886754e-5
0.4943033465870525,5.470974937893577e-5
0.4946971771766634,5.4704703984145274e-5
0.49509100480972296,5.470250242581982e-5
0.49548483919044006,5.4702650302819534e-5
0.49587866713268103,5.469900865532005e-5
0.49627248818339786,5.469521611416663e-5
0.4966663073821892,5.4692659742336395e-5
0.49706011872318395,5.468834457495588e-5
0.49745391812785417,5.468291047423001e-5
0.49784770474736145,5.467836315743802e-5
0.4982414693093478,5.467281626403224e-5
0.498635220088356,5.466934445865623e-5
0.4990289991015972,5.467688630315026e-5
0.49942278590029765,5.467835247641805e-5
0.49981656249466827,5.467493765538816e-5
0.5002103450255121,5.467579334524e-5
0.5006041301374751,5.4675379919173074e-5
0.5009979067409239,5.4671784501710114e-5
0.501391679019701,5.466918052303345e-5
0.50178544676379,5.46662569604538e-5
0.5021792031369957,5.4661274765034256e-5
0.5025729457991467,5.465550665666573e-5
0.502966670216924,5.46483335389194e-5
0.5033603658392533,5.463816885424753e-5
0.5037540725903689,5.463866263976905e-5
0.5041478080864975,5.4643421873302255e-5
0.5045415305257477,5.463669852278942e-5
0.5049352462223213,5.463196974401592e-5
0.5053289692287846,5.463133162614637e-5
0.5057226836530845,5.46286213641679e-5
0.5061163863509449,5.462497656576542e-5
0.5065100825586446,5.462256018019163e-5
0.5069037656904353,5.4618123516427966e-5
0.5072974278954796,5.461143416222429e-5
0.50769107330312,5.460573382570137e-5
0.5080847135777223,5.4602965674084916e-5
0.508478365360918,5.4604435587610606e-5
0.5088720191902966,5.460312222226168e-5
0.5092656655911145,5.4599283431372695e-5
0.5096593105068422,5.4597103150957e-5
0.5100529520293849,5.459438898200758e-5
0.5104465847556574,5.45917527556824e-5
0.5108402101979038,5.45908813147442e-5
0.5112338284762747,5.4589949724176894e-5
0.5116274369810715,5.45882724680728e-5
0.5120210352116313,5.458646815288243e-5
0.5124146229912802,5.45846414607175e-5
0.5128082025669722,5.4584249559104804e-5
0.5132017726460821,5.458529012817585e-5
0.5135953318161316,5.458583378105413e-5
0.5139888827888294,5.458699776068848e-5
0.5143824234258508,5.458744415122883e-5
0.5147759518560154,5.458728928525852e-5
0.5151694707399045,5.45877520242114e-5
0.5155629851641089,5.4589450936155755e-5
0.5159564900962625,5.4589650468970125e-5
0.5163499845589735,5.458953023152229e-5
0.516743472445048,5.459036667462008e-5
0.517136951352518,5.4590429088203734e-5
0.5175304195213547,5.45899461152972e-5
0.5179238784302047,5.458978380653096e-5
0.5183173277314508,5.458942491500392e-5
0.5187107658211503,5.45885485064622e-5
0.5191041929485154,5.4587663874143136e-5
0.5194976087660634,5.458659490404167e-5
0.5198910123866712,5.458520175223893e-5
0.520284403456968,5.458363217740178e-5
0.5206777818454643,5.4581940734686125e-5
0.5210711475615772,5.458016289708149e-5
0.5214645000091683,5.4578133905960286e-5
0.5218578404836917,5.45763667610383e-5
0.5222511703853747,5.457487289789959e-5
0.5226444877960605,5.4572758410335915e-5
0.5230377927821043,5.457058353771711e-5
0.5234310879845536,5.456902174185518e-5
0.5238243717880874,5.456690522700573e-5
0.5242176430391312,5.456439242146597e-5
0.5246109025862774,5.456201464946963e-5
0.5250041503459574,5.4559501590644274e-5
0.5253973852096789,5.4556583027839546e-5
0.5257906069860933,5.455351112193532e-5
0.5261838155018458,5.45502795962047e-5
0.5265770104757205,5.454685619891625e-5
0.5269701956118368,5.4544310723588425e-5
0.5273633712429981,5.454170088884741e-5
0.5277565366712478,5.4538776407985726e-5
0.5281496922354232,5.4535821677277236e-5
0.5285428373784644,5.453258388749511e-5
0.5289359700513008,5.4528666504952565e-5
0.5293290915276727,5.452497247626773e-5
0.5297222134654462,5.452426428619324e-5
0.5301153318108509,5.45222323044195e-5
0.5305084418750748,5.451884078905413e-5
0.5309015478916473,5.451649147691803e-5
0.531294649234435,5.4513803417293154e-5
0.5316877426858666,5.451012509107525e-5
0.5320808293575873,5.4506645759926424e-5
0.5324739088003506,5.450291522008042e-5
0.5328669787495428,5.4498468107035365e-5
0.5332600388279836,5.449383818862134e-5
0.5336530901412972,5.4489422144658754e-5
0.5340461281366226,5.448370483685696e-5
0.5344391464466441,5.447626670633515e-5
0.5348321635825155,5.447498735652338e-5
0.5352251821022386,5.447515165340457e-5
0.5356181829439384,5.447003795458361e-5
0.5360112025305079,5.4474747103113946e-5
0.5364042231355403,5.4474276477381524e-5
0.5367972291950927,5.4469687998981844e-5
0.5371902357908029,5.4469206662660146e-5
0.537583240415602,5.44678703103819e-5
0.5379762337723711,5.4464034543067854e-5
0.5383692204829374,5.446152314043157e-5
0.5387622009697173,5.4460379682605984e-5
0.5391551703031143,5.445941192810117e-5
0.539548129882105,5.4458733912976764e-5
0.5399410829443029,5.445879049508796e-5
0.5403340281481445,5.445833578967641e-5
0.5407269687640048,5.445864895577099e-5
0.5411199039533984,5.445858831610975e-5
0.5415128319555392,5.44579421810225e-5
0.5419057547350211,5.4457718756371035e-5
0.542298671144987,5.445705039973478e-5
0.5426915796912931,5.445586981713851e-5
0.5430844810448657,5.4454759826094815e-5
0.5434773786913125,5.4454456946144826e-5
0.5438702703848595,5.4453396906745685e-5
0.5442631552662305,5.445199888452073e-5
0.5446560341679585,5.445070192101755e-5
0.5450489059643084,5.44489623220554e-5
0.5454417696943001,5.444683724812291e-5
0.5458346258581269,5.444471333169047e-5
0.5462274812584526,5.444426760006158e-5
0.5466203328712141,5.444280444625024e-5
0.5470131772682673,5.444029485250274e-5
0.5474060160575317,5.443808797002338e-5
0.5477988463858959,5.443493666208542e-5
0.5481916624097529,5.443006934571406e-5
0.5485844570680591,5.442317590583271e-5
0.5489772576896721,5.442349648353064e-5
0.5493700781426782,5.442712765609777e-5
0.5497628992872955,5.442532625105889e-5
0.5501557179708862,5.4422659998109294e-5
0.5505485418579874,5.442188836093845e-5
0.550941364430734,5.441910975119028e-5
0.5513341818419681,5.4415161614833475e-5
0.551726997145515,5.441187359133336e-5
0.552119808248704,5.4407810192981866e-5
0.5525126123374747,5.440283055875765e-5
0.5529054098071573,5.439781438469563e-5
0.5532981995742026,5.439235533855827e-5
0.5536909791032968,5.438610087666083e-5
0.554083745937214,5.437911517306202e-5
0.5544764943953892,5.4370570891115254e-5
0.554869250887593,5.436915545204368e-5
0.5552620049371986,5.436476268606689e-5
0.5556547444813802,5.435735181855113e-5
0.5560474794190351,5.4354436454180755e-5
0.5564402098609391,5.4354283423853934e-5
0.5568329281628568,5.4353073566002824e-5
0.5572256359863316,5.4352203287732226e-5
0.557618337003895,5.435214088405703e-5
0.5580110278756671,5.435099040779106e-5
0.5584037071654494,5.434932480753274e-5
0.558796377258722,5.434815515867625e-5
0.5591890410285522,5.434758375153817e-5
0.5595816955183879,5.4346046805838445e-5
0.5599743410516457,5.4344476013666526e-5
0.5603669806358887,5.4343564786324606e-5
0.5607596122393642,5.434194040443875e-5
0.5611522349974691,5.433995934048254e-5
0.5615448504873152,5.433826571268576e-5
0.561937457781454,5.43361662759351e-5
0.5623300561380219,5.433373082724085e-5
0.5627226457367556,5.4331202590405937e-5
0.5631152258657723,5.4328331930974926e-5
0.5635077956905848,5.432509039330132e-5
0.5639003547357938,5.432157146153773e-5
0.5642929022029406,5.431768118766107e-5
0.5646854388642172,5.431383908803043e-5
0.5650779648036843,5.4309842730710124e-5
0.5654704763751356,5.4304692544604374e-5
0.5658629705072012,5.429856764596164e-5
0.5662554543823812,5.429420576324057e-5
0.5666479463370566,5.4294507989568324e-5
0.567040428695593,5.428972398412628e-5
0.5674328973186078,5.4283781894567594e-5
0.5678253596004816,5.4279646037043224e-5
0.5682178093080991,5.427355898481493e-5
0.56861025016853,5.426830052622109e-5
0.5690026942203202,5.4266008284138795e-5
0.5693951265087811,5.4259375015765434e-5
0.5697875575530327,5.4255452266138556e-5
0.5701799955782022,5.4253404810418114e-5
0.5705724272714877,5.424748313175819e-5
0.570964852184426,5.4241315127544086e-5
0.5713572743846628,5.4236000083238104e-5
0.5717496881717973,5.422888919649574e-5
0.5721420893562199,5.4220479090411256e-5
0.5725344739402655,5.4210819972949373e-5
0.5729268579292053,5.4205286421780784e-5
0.5733192439337733,5.420015307360612e-5
0.5737116217413155,5.4192140032574504e-5
0.5741039965404354,5.418552053270697e-5
0.5744963691983764,5.4179057652356e-5
0.5748887341410237,5.417112667850996e-5
0.5752810915420143,5.4164469763321055e-5
0.5756734405104338,5.4159327618150403e-5
0.5760657745669743,5.4152474076017645e-5
0.5764581100856871,5.4151564611063995e-5
0.5768504457329778,5.415150801249694e-5
0.5772427723500579,5.4151266867790646e-5
0.5776350935610942,5.415206661158837e-5
0.5780274102751178,5.415286024815048e-5
0.5784197189072317,5.415247137799213e-5
0.5788120197446626,5.415197852125792e-5
0.5792043124258189,5.415118054535068e-5
0.5795965953215008,5.4149749976210054e-5
0.5799888666113283,5.414765165273958e-5
0.5803811230491621,5.414451011092872e-5
0.5807733566634166,5.4139076386671624e-5
0.581165602549085,5.414291803472762e-5
0.5815578354278349,5.413953067555975e-5
0.5819500660137508,5.413906549689333e-5
0.5823422983454712,5.413943402255915e-5
0.5827345159070075,5.413520512065857e-5
0.5831267354026026,5.413544721002633e-5
0.583518954094074,5.4134689438198765e-5
0.5839111608286317,5.413086396818232e-5
0.5843033602009606,5.412826896384138e-5
0.5846955523666368,5.4125604057848474e-5
0.5850877301912766,5.4120985053182466e-5
0.5854799086316368,5.412041405642511e-5
0.5858720871736224,5.411960543921705e-5
0.5862642559836454,5.411671572394852e-5
0.586656419064025,5.411709389324337e-5
0.5870485771172058,5.411749548354732e-5
0.5874407237713364,5.411606612380464e-5
0.5878328605659496,5.411497637678554e-5
0.5882249872353453,5.411367420786085e-5
0.5886170969125977,5.411040960755612e-5
0.5890092101520368,5.411257409017243e-5
0.5894013235887158,5.411354401654997e-5
0.5897934242080973,5.411094769826317e-5
0.5901855189584088,5.4110204344095805e-5
0.5905776088587186,5.41095604051884e-5
0.5909696874516186,5.4107072567795105e-5
0.5913617565154043,5.4105010695070946e-5
0.5917538169825741,5.4103084109346224e-5
0.5921458656383402,5.410019974811528e-5
0.5925379021664089,5.4097177571481107e-5
0.5929299269436376,5.409418996451885e-5
0.5933219417420305,5.4091619690692506e-5
0.593713951246324,5.409025327696055e-5
0.5941059518266673,5.40878654452908e-5
0.5944979425511862,5.408527275070559e-5
0.5948899254933872,5.4083281986530606e-5
0.5952818994256157,5.40811333974215e-5
0.5956738632159192,5.408143348297279e-5
0.5960658178234582,5.408192354078346e-5
0.5964577625405054,5.4082154410347574e-5
0.5968496964025178,5.408207012015224e-5
0.5972416195651361,5.408197350666418e-5
0.5976335316911512,5.408172552313924e-5
0.5980254319894031,5.4081211776229595e-5
0.5984173200570753,5.4080542711224536e-5
0.5988091965127793,5.407999108778898e-5
0.5992010611209297,5.4079322928378464e-5
0.5995929136280497,5.4078543721867266e-5
0.5999847556232096,5.4078149226280834e-5
0.6003765863869984,5.407750925813928e-5
0.600768405295643,5.407667147338908e-5
0.6011602128213002,5.4075929888036146e-5
0.6015520087313975,5.4075088526384357e-5
0.6019437925395924,5.4074087217911446e-5
0.6023355643268841,5.407308121404102e-5
0.6027273239891484,5.407201748123014e-5
0.6031190717506802,5.407098678295813e-5
0.6035108073192654,5.406984937714164e-5
0.6039025305281088,5.406864425142115e-5
0.6042942414761198,5.406744228411021e-5
0.6046859399815879,5.406616702771788e-5
0.6050776260896888,5.4064882373145907e-5
0.6054693000933439,5.406365343428797e-5
0.6058609616824945,5.406231757669803e-5
0.606252610729191,5.406092923853473e-5
0.6066442473084566,5.4059541612101426e-5
0.6070358714445665,5.405813990789989e-5
0.6074274838243514,5.4056902400733394e-5
0.6078190842511814,5.4055587758362295e-5
0.6082106724090796,5.405417202827606e-5
0.6086022484953929,5.405279372098941e-5
0.6089938127253499,5.4051453533922564e-5
0.6093853649053422,5.405004228198685e-5
0.609776905155099,5.404864747935479e-5
0.6101684334809498,5.404723627404837e-5
0.6105599497668898,5.4045777056180064e-5
0.6109514542758551,5.40443723420424e-5
0.6113429474109824,5.404305660471401e-5
0.6117344289368956,5.4041658054614834e-5
0.6121258998146041,5.404050237410717e-5
0.6125173602562016,5.403937929147197e-5
0.6129088108496642,5.4038396105844244e-5
0.6133002513327003,5.403732223924348e-5
0.6136916815743081,5.4036199934410433e-5
0.6140831017268917,5.403510357552187e-5
0.6144745116833206,5.4033961072123336e-5
0.6148659113245434,5.403277116715944e-5
0.6152573006418856,5.403156313927731e-5
0.615648679513327,5.403030537596338e-5
0.6160400479302007,5.4029028812042156e-5
0.6164314070798651,5.4028052290278964e-5
0.6168227566165487,5.402695546171666e-5
0.6172140961139898,5.402572960007145e-5
0.6176054282089002,5.402519460751247e-5
0.6179967521647455,5.402442212721357e-5
0.6183880671585703,5.402341756681664e-5
0.6187793740285942,5.402262514160481e-5
0.6191706726944595,5.402178436591586e-5
0.6195619625450014,5.4020760473606126e-5
0.6199532437295268,5.401976053583187e-5
0.6203445166001026,5.401883154941907e-5
0.6207357820693725,5.401812133878423e-5
0.6211270395500345,5.401722334549008e-5
0.621518288654616,5.4016202952522585e-5
0.6219095296576216,5.401523442712552e-5
0.6223007621447646,5.401412682567956e-5
0.6226919856749568,5.401287771818259e-5
0.6230832001470396,5.4011576981188794e-5
0.6234744051438246,5.4010135886903305e-5
0.6238656000841826,5.400851189939848e-5
0.6242567846970893,5.40067878884724e-5
0.6246479583925526,5.400487434460087e-5
0.6250391201781879,5.400266465652021e-5
0.6254302690885454,5.4000167523681726e-5
0.6258214039049098,5.399731284188006e-5
0.6262125393591993,5.3998370684590086e-5
0.6266036736807057,5.399879309192132e-5
0.626994800564675,5.399750804483944e-5
0.6273859247419479,5.399750277354422e-5
0.6277770466745733,5.399753902244286e-5
0.6281681627765494,5.3996568493221e-5
0.6285592741210758,5.3995868803319964e-5
0.6289503815279296,5.3995329546999465e-5
0.6293414835216707,5.3994336568944324e-5
0.629732579556915,5.3993155254559395e-5
0.6301236697380859,5.3991948338446785e-5
0.6305147532247491,5.399045455833635e-5
0.6309058293464133,5.3988724324765774e-5
0.6312968977813419,5.3986846244906995e-5
0.6316879577756616,5.398469857230955e-5
0.6320790082566645,5.398219642549349e-5
0.6324700482143193,5.3979355858232434e-5
0.6328610762065754,5.397605728936775e-5
0.6332520930801611,5.3972913584382953e-5
0.633643102518601,5.397066232938714e-5
0.634034111018333,5.397003229147578e-5
0.6344251216160399,5.3970075868715966e-5
0.6348161267631977,5.396799084671649e-5
0.635207126978423,5.396602222205946e-5
0.6355981242076971,5.39644809186222e-5
0.6359891170117261,5.396245003808673e-5
0.6363801095743785,5.396146443816776e-5
0.6367710997530658,5.395978751816797e-5
0.6371620855512663,5.395751651261831e-5
0.6375530684202332,5.3955577408071166e-5
0.6379440475166915,5.3953335358435097e-5
0.6383350213388659,5.395064446516379e-5
0.6387259900954233,5.394798069095857e-5
0.6391169531338842,5.3945115410997354e-5
0.6395079176502928,5.394417542420158e-5
0.6398988801881494,5.394226983833233e-5
0.6402898381432073,5.39397428544325e-5
0.6406807944594355,5.3939833204715414e-5
0.641071748162487,5.3940488417821766e-5
0.6414626968925218,5.394043142358237e-5
0.6418536412127566,5.394045515466478e-5
0.6422445808908439,5.3940319690573136e-5
0.6426355142732383,5.393965113719339e-5
0.6430264409906149,5.393880427669417e-5
0.6434173610341645,5.393786416636058e-5
0.6438082815573953,5.393874417099509e-5
0.6441991984547107,5.393837438280037e-5
0.644590109560184,5.393736897503868e-5
0.6449810176148447,5.3937021450379534e-5
0.6453719210694967,5.3936141946309084e-5
0.6457628178238691,5.3934618113054456e-5
0.6461537085513824,5.393319375530477e-5
0.6465445984447311,5.393305253183941e-5
0.6469354876588279,5.393280896387738e-5
0.6473263729493742,5.3931595697778346e-5
0.6477172560025912,5.393075688718926e-5
0.6481081371968356,5.3929898208521475e-5
0.6484990140803316,5.3928271764585224e-5
0.6488898860513784,5.392639314989007e-5
0.649280752076352,5.392412807971927e-5
0.6496716080951687,5.3920668256779914e-5
0.6500624600925294,5.3918723270211824e-5
0.6504533219025319,5.3920309102606384e-5
0.6508441772332914,5.391730889402992e-5
0.6512350237078925,5.391369829911507e-5
0.6516258682641342,5.391184786905364e-5
0.6520167150336611,5.3910935082940756e-5
0.6524075622798087,5.390942451762355e-5
0.6527984074258527,5.390715054402864e-5
0.6531892509037404,5.3904934815898136e-5
0.6535800912806716,5.39022669975903e-5
0.6539709257685699,5.3898817601516314e-5
0.6543617521931419,5.389478164775168e-5
0.6547525779058117,5.389272371800704e-5
0.6551434116760083,5.389321671315355e-5
0.655534241517203,5.389289989285706e-5
0.6559250666699016,5.389235061102537e-5
0.6563158924004684,5.389309047441456e-5
0.6567067133651489,5.3892231982879126e-5
0.6570975271335111,5.3890644818309446e-5
0.6574883426532915,5.389134745064527e-5
0.6578791596743072,5.389179225210119e-5
0.6582699727843861,5.389068535982561e-5
0.6586607847417458,5.389025996739747e-5
0.6590515964876246,5.388996966654935e-5
0.6594424050732232,5.388880182213402e-5
0.6598332109572711,5.388771253848614e-5
0.6602240148039994,5.388674293722878e-5
0.6606148151390624,5.388533848509574e-5
0.6610056117301792,5.388387056416076e-5
0.661396406269139,5.388286737406862e-5
0.6617871973680052,5.38815178107133e-5
0.6621779842047807,5.388008759372053e-5
0.662568767622389,5.3881687859169846e-5
0.6629595474510953,5.388315901796815e-5
0.663350322255404,5.388418488421091e-5
0.6637410923302346,5.3885237221995014e-5
0.6641318575207824,5.3886183002898804e-5
0.6645226168115677,5.3886798904866956e-5
0.6649133697619357,5.388724875107141e-5
0.6653041189777835,5.38883453585469e-5
0.6656948652661862,5.3889586450577504e-5
0.6660856070220024,5.389034659932413e-5
0.6664763444537463,5.389113374766727e-5
0.6668670781242985,5.389202965486167e-5
0.667257807113515,5.389263750053783e-5
0.6676485312010938,5.3893159013729884e-5
0.6680392504972805,5.389367834828576e-5
0.6684299644512441,5.389401774600152e-5
0.6688206728129326,5.389426472895364e-5
0.6692113754216358,5.3894441906499995e-5
0.6696020718873718,5.389448845208795e-5
0.6699927618707978,5.3894420899217676e-5
0.6703834451755117,5.389427794232801e-5
0.6707741214354044,5.389401384285864e-5
0.6711647935833842,5.3894513303239346e-5
0.6715554637156067,5.389552673507902e-5
0.6719461289588349,5.389573448867506e-5
0.6723367941425138,5.389723918523428e-5
0.6727274596596705,5.38987906033653e-5
0.6731181227442309,5.389958314522325e-5
0.6735087850248761,5.3900818310702825e-5
0.6738994479039933,5.390239838654967e-5
0.6742901100774487,5.390360238445258e-5
0.6746807714142355,5.39047669288176e-5
0.675071432614059,5.390610387930759e-5
0.6754620932362544,5.390730132507642e-5
0.6758527530336941,5.390842065745206e-5
0.6762434121671622,5.390956906407127e-5
0.6766340703954874,5.3910635449437404e-5
0.6770247274358164,5.391161190184205e-5
0.6774153833804536,5.3912598852107986e-5
0.6778060380418256,5.391351806348009e-5
0.6781966911638817,5.391435338942386e-5
0.6785873426900587,5.3915158471069344e-5
0.678977992480428,5.3915909042099226e-5
0.6793686403057428,5.391658164441325e-5
0.6797592860826491,5.391721573619696e-5
0.6801499298826138,5.3917851199686344e-5
0.6805405714585323,5.391840123869542e-5
0.6809312106109414,5.3918880957002085e-5
0.6813218473755845,5.3919352458847166e-5
0.6817124815321621,5.3919744876627965e-5
0.6821031128514484,5.3920057574133854e-5
0.6824937412501046,5.39203291515298e-5
0.6828843665584566,5.3920534782617406e-5
0.6832749885472919,5.3920658760245456e-5
0.6836656070707631,5.3920723321413906e-5
0.6840562218966922,5.392070406373751e-5
0.6844468341563911,5.392096607691853e-5
0.6848374450942757,5.392152805130912e-5
0.6852280533617499,5.39216952922025e-5
0.6856186589350173,5.392184352035247e-5
0.6860092624541496,5.392213809531761e-5
0.6863998636244355,5.392232270978025e-5
0.6867904636069053,5.392279426015381e-5
0.6871810632499988,5.3923456364361955e-5
0.6875716614581876,5.3923791129057385e-5
0.6879622584577263,5.392416764846798e-5
0.6883528546385997,5.392461728563999e-5
0.6887434493726727,5.392486525529765e-5
0.6891340425200356,5.392504957288339e-5
0.6895246342087031,5.392523639073068e-5
0.6899152241082444,5.392529950043371e-5
0.6903058119834947,5.392526690451897e-5
0.6906963978672115,5.392520799296717e-5
0.6910869816254473,5.392507443564194e-5
0.6914775629426708,5.392481754362892e-5
0.6918681419379712,5.39245535266605e-5
0.6922587184833608,5.392421094285298e-5
0.692649292028155,5.392367705025756e-5
0.6930398623521012,5.392304187205324e-5
0.6934304291813725,5.3922286187329765e-5
0.6938209918492309,5.39213031800264e-5
0.6942115496681278,5.392008825102704e-5
0.694602101840414,5.391860953974031e-5
0.6949926471696312,5.391675852570336e-5
0.6953831851975503,5.3914733254588076e-5
0.6957737291844529,5.3916197239705454e-5
0.696164276311661,5.391673349634884e-5
0.6965548218166226,5.391595802762305e-5
0.696945369836818,5.3916263913543895e-5
0.697335919714433,5.3916289444534337e-5
0.6977264678179796,5.3915276977104576e-5
0.6981170144868051,5.391430964543886e-5
0.6985075582921679,5.391287644893926e-5
0.6988981011152677,5.391187486951293e-5
0.6992886576369652,5.391470079160283e-5
0.6996792165192217,5.391428536918962e-5
0.7000697742226955,5.3912933183421583e-5
0.7004603380136197,5.3913462836317236e-5
0.7008509042693231,5.391286805229988e-5
0.7012414713704341,5.391177609869807e-5
0.7016320417609123,5.39112546787043e-5
0.7020226142053988,5.391028494010042e-5
0.7024131873851615,5.390887667699421e-5
0.7028037622974407,5.3907651481567726e-5
0.7031943388559154,5.3906303288268776e-5
0.703584916134788,5.390462217960579e-5
0.7039754945508193,5.390298154647681e-5
0.7043660741546192,5.3901281809270294e-5
0.7047566543776076,5.389937319747277e-5
0.7051472352436001,5.389743502188899e-5
0.7055378168240426,5.3895493987397e-5
0.705928398845063,5.389347995143951e-5
0.7063189812233088,5.389147277260747e-5
0.7067095642088387,5.388958915250639e-5
0.7071001480755278,5.389037763362609e-5
0.7074907321595301,5.389114488374223e-5
0.7078813166989971,5.389190338884254e-5
0.7082719016939295,5.3892581816059745e-5
0.7086624871115818,5.389317580745112e-5
0.7090530728001321,5.38936575306572e-5
0.7094436585690588,5.389402218825926e-5
0.7098342448768052,5.389508231844476e-5
0.7102248320121335,5.3896453135083364e-5
0.7106154191683001,5.389764347935842e-5
0.7110060063393512,5.389881086353107e-5
0.7113965936532941,5.389996390946869e-5
0.7117871806606154,5.39009417306367e-5
0.7121777672720084,5.390184486837127e-5
0.7125683535231965,5.3902704267440664e-5
0.7129589391641211,5.39034432813043e-5
0.7133495240816622,5.390410161849199e-5
0.7137401081984225,5.390468806790785e-5
0.7141306914399823,5.390520334045761e-5
0.7145212736128482,5.390561554932717e-5
0.7149118546068804,5.390594775164205e-5
0.7153024341958437,5.3906167713164295e-5
0.7156930121773204,5.3906282115765355e-5
0.7160835884352229,5.390631297791608e-5
0.7164741627671386,5.390623545291111e-5
0.7168647347295407,5.3905984543755604e-5
0.7172553038937963,5.3905564772757695e-5
0.717645869730076,5.390494719211367e-5
0.7180364334558739,5.3904598366696785e-5
0.7184270018998062,5.390600392119601e-5
0.718817571710082,5.3906393341162134e-5
0.719208142011528,5.3906514120005325e-5
0.7195987154267193,5.3907277470439444e-5
0.7199892909167667,5.3907672100806715e-5
0.7203798674576412,5.3907730488930634e-5
0.720770446037664,5.390798729900944e-5
0.7211610263889274,5.3908086304666775e-5
0.7215516076183708,5.3907867807889734e-5
0.7219421899998693,5.390764562216237e-5
0.7223327733696961,5.390728923087028e-5
0.7227233571443807,5.390668661965881e-5
0.7231139413060617,5.390598899889298e-5
0.7235045256463563,5.390513704485573e-5
0.723895109272198,5.3903945786196175e-5
0.7242856914274659,5.390245412544224e-5
0.724676271606106,5.390072439537676e-5
0.7250668475517208,5.3898283217274514e-5
0.7254574252655616,5.389735201392501e-5
0.7258480161523198,5.3899307454881284e-5
0.72623860873597,5.389798788210126e-5
0.7266292013315282,5.389620586639108e-5
0.727019799866236,5.389591245338943e-5
0.7274104009790722,5.389456333691069e-5
0.7278010022437379,5.389249285833066e-5
0.7281916050683767,5.389072442875046e-5
0.7285822157734161,5.389054987296815e-5
0.7289728349545371,5.3890412540968245e-5
0.7293634587325327,5.3889182544026985e-5
0.7297540886169506,5.388835755995981e-5
0.7301447253016236,5.388769622895074e-5
0.7305353668602783,5.3886531498376864e-5
0.7309260132989212,5.388735446183783e-5
0.7313166648974919,5.3888947787549286e-5
0.73170732024769,5.389002516125629e-5
0.7320979800254441,5.3891156400290894e-5
0.7324886438347862,5.389203488946795e-5
0.7328793103328626,5.389241572937948e-5
0.7332699792368145,5.389258941347459e-5
0.7336606513654942,5.389284099782785e-5
0.7340513247596532,5.389241836092147e-5
0.7344419979900447,5.3891486383765786e-5
0.7348326697078326,5.389006124064306e-5
0.7352233351520142,5.388722934901972e-5
0.7356140206297013,5.389132805604538e-5
0.7360047118276919,5.389124187024213e-5
0.7363953996667892,5.388871972218546e-5
0.7367860953135705,5.388912716278481e-5
0.7371767956653057,5.3888483636195826e-5
0.7375674949777847,5.3886212949540074e-5
0.7379581968779771,5.388484958891806e-5
0.7383489010621613,5.388327489906226e-5
0.7387396041594426,5.388071814658954e-5
0.7391303064884526,5.387820869948943e-5
0.7395210076769729,5.387555135142736e-5
0.7399117057358778,5.387234457191314e-5
0.7403024062960988,5.38706796271556e-5
0.7406931144706387,5.387307559150945e-5
0.7410838221865879,5.3873118874494345e-5
0.7414745287233139,5.387289169330038e-5
0.7418652343726505,5.387259585528143e-5
0.7422559529550478,5.387583917600373e-5
0.7426466806829934,5.387780608620492e-5
0.7430374099565541,5.387763015597116e-5
0.7434281456687428,5.38786804666542e-5
0.7438188872746732,5.387939885320444e-5
0.744209630604956,5.3878866387638615e-5
0.7446003768717067,5.3878554360181845e-5
0.7449911272304883,5.3878406527663734e-5
0.7453818794238444,5.3877518952136884e-5
0.7457726332701066,5.387648433125695e-5
0.7461633895227722,5.387554652309828e-5
0.7465541474075102,5.38743051082052e-5
0.7469449083360244,5.3873376965838655e-5
0.747335671685878,5.387222436669859e-5
0.747726436676769,5.3870851706324856e-5
0.7481172037941676,5.386963238921117e-5
0.7485079730083021,5.386845710625638e-5
0.7488987436907527,5.386867850922643e-5
0.7492895157134548,5.3869844276132325e-5
0.7496802887458148,5.387079898191947e-5
0.7500710620938791,5.387144962905776e-5
0.7504618357814741,5.387198896348186e-5
0.750852610308962,5.387253807453249e-5
0.7512433853904229,5.387288369958653e-5
0.7516341613117797,5.387318657252976e-5
0.7520249377275442,5.3873274676002196e-5
0.7524157159898992,5.3873609095476724e-5
0.7528064973676615,5.387415617722551e-5
0.753197280288246,5.3874161368648546e-5
0.7535880647546362,5.387407374357903e-5
0.7539788513446587,5.387403835430274e-5
0.754369639310729,5.387370310668591e-5
0.7547604283847882,5.3873215938437356e-5
0.75515121879916,5.387271709176069e-5
0.7555420105776769,5.3872160206340566e-5
0.7559328035982249,5.3871524776523255e-5
0.7563235968093964,5.38705836675395e-5
0.7567143888291765,5.386927959773938e-5
0.7571051766404239,5.3867204846413335e-5
0.7574959596207341,5.3865042508542097e-5
0.7578867639094639,5.3871399159475065e-5
0.7582775657408322,5.387250345168967e-5
0.7586683584758374,5.3871941899117234e-5
0.7590591575699466,5.3875465718075786e-5
0.7594499571555154,5.387719697933124e-5
0.7598407516835908,5.387741006742907e-5
0.7602315478260055,5.3879370099022945e-5
0.7606223450079195,5.3881042785476084e-5
0.7610131400006387,5.38817867363891e-5
0.7614039349367666,5.388305987079049e-5
0.7617947302183995,5.3884357270826063e-5
0.7621855241388653,5.38851334562851e-5
0.7625763173951317,5.3886050384385404e-5
0.7629671103148308,5.388699031896834e-5
0.7633579018435884,5.388758852060554e-5
0.7637486919546055,5.38881318877692e-5
0.7641394806449098,5.388861817798325e-5
0.7645302673873291,5.388890719851369e-5
0.7649210519019072,5.388906914123907e-5
0.7653118341142,5.388915619189553e-5
0.7657026136072556,5.388907432014958e-5
0.7660933901011344,5.3888862061405905e-5
0.7664841634320575,5.388854806470404e-5
0.7668749332664891,5.3888084641149066e-5
0.7672656992977077,5.388747889375849e-5
0.7676564634496674,5.388732531666916e-5
0.7680472250761045,5.388691698183978e-5
0.768437984311052,5.388648301423386e-5
0.7688287416757024,5.3886118348010955e-5
0.7692194965863453,5.3885522703405254e-5
0.7696102492395531,5.388491209858399e-5
0.7700009998199817,5.388427475235121e-5
0.7703917475086655,5.388334082344057e-5
0.7707824925617421,5.38824043674187e-5
0.7711732386333271,5.388236321277559e-5
0.7715639823760441,5.3881317356035664e-5
0.7719547213538811,5.3879569099675293e-5
0.7723454543519132,5.3877435002732416e-5
0.7727361738214631,5.3873211043151966e-5
0.7731269092200947,5.3876842021486936e-5
0.7735176409378786,5.387491038419622e-5
0.7739083784658407,5.387561807770639e-5
0.7742991288982425,5.387808098780588e-5
0.7746898794170127,5.3877010889343544e-5
0.7750806304867497,5.38761345690244e-5
0.7754713865986165,5.387642457657599e-5
0.775862143297196,5.387547358216434e-5
0.7762528991708092,5.387419038059916e-5
0.7766436562863377,5.387350003066811e-5
0.7770344133810186,5.3872510009586445e-5
0.7774251693707868,5.387136784647509e-5
0.7778159250091282,5.3873164255080414e-5
0.7782066796855165,5.387473171155866e-5
0.778597432339731,5.3875973015529966e-5
0.7789881832070586,5.387723518541913e-5
0.7793789320403259,5.3878378848878445e-5
0.7797696787114873,5.3879441663839646e-5
0.7801604229823104,5.388039519380563e-5
0.7805511644031271,5.388118604810489e-5
0.7809419028101704,5.388189453347049e-5
0.7813326391474907,5.3882816465800456e-5
0.7817233724412971,5.3883432221432086e-5
0.782114102295549,5.388391442184036e-5
0.7825048306280662,5.388487810513255e-5
0.78289555780216,5.38858903598288e-5
0.7832862825224326,5.3886523133523085e-5
0.783677005137316,5.388723080563609e-5
0.7840677261560407,5.3888043178719114e-5
0.7844584450455714,5.388868144264229e-5
0.7848491616421381,5.388925388572948e-5
0.7852398761661155,5.388986048630586e-5
0.7856305882601755,5.389034408628953e-5
0.786021297724822,5.389075215334443e-5
0.786412004563052,5.3891137638610696e-5
0.7868027084919976,5.389142258554728e-5
0.787193409338974,5.3891638959959415e-5
0.7875841070176539,5.389180887535963e-5
0.7879748014476676,5.389193315873696e-5
0.788365492346167,5.389195754418811e-5
0.7887561795375072,5.389191220263743e-5
0.7891468629949274,5.389183573912243e-5
0.7895375424355977,5.3891658148780933e-5
0.7899282175945632,5.38913860052376e-5
0.7903188883200231,5.389104889770533e-5
0.7907095543440616,5.3890614289351713e-5
0.7911002153362485,5.389006585371299e-5
0.7914908742918879,5.389029286530921e-5
0.7918815314968122,5.38905431274974e-5
0.7922721851288718,5.3890276378267034e-5
0.7926628362093301,5.389026949177904e-5
0.7930534851312094,5.3890329237822844e-5
0.7934441307780274,5.389005677154983e-5
0.7938347732540197,5.388978997477017e-5
0.7942254127497574,5.388954011448291e-5
0.7946160486430227,5.3889088001456686e-5
0.7950066806272013,5.388852347405051e-5
0.7953973088690568,5.388796878294009e-5
0.7957879332346557,5.388733805305792e-5
0.7961785561206144,5.3887309177055364e-5
0.7965691765087576,5.388694679798499e-5
0.7969597929879613,5.388617349259339e-5
0.7973504058351367,5.388544127008113e-5
0.797741023326597,5.3886873038890346e-5
0.7981316423691537,5.388736174962266e-5
0.7985222602893247,5.3887115468029094e-5
0.7989128803649587,5.388771774455529e-5
0.7993035018160495,5.3888030773640577e-5
0.7996941227997233,5.388780293335926e-5
0.8000847443490605,5.3887808791552e-5
0.8004753664134499,5.388773135715779e-5
0.8008659880104224,5.388732841421592e-5
0.8012566093751757,5.3886930672793455e-5
0.801647230489847,5.388645759098166e-5
0.8020378523845374,5.388618957897506e-5
0.8024284755028511,5.388595949245989e-5
0.8028190988950664,5.388539873935423e-5
0.8032097227159977,5.388481327713001e-5
0.8036003472306161,5.3884222535972195e-5
0.8039909720340231,5.388344703110916e-5
0.8043815970785836,5.388258939723127e-5
0.8047722223791834,5.388166597422509e-5
0.8051628478405524,5.3880651206888685e-5
0.8055534733644426,5.387955162488389e-5
0.8059440989389453,5.387839907280659e-5
0.8063347245253567,5.387719723037353e-5
0.8067253499658853,5.3875929341694287e-5
0.8071159752188504,5.387464597189154e-5
0.8075066002157766,5.387336157523262e-5
0.8078972249149834,5.387211052696756e-5
0.8082878492212012,5.387090964757725e-5
0.808678473062978,5.3869850346634255e-5
0.8090690964284059,5.3871351688475596e-5
0.8094597191626725,5.3872739990621454e-5
0.809850341283642,5.3874067747750816e-5
0.8102409626335261,5.3875286933992796e-5
0.8106315829890403,5.38763849086713e-5
0.8110222022400335,5.387739611293766e-5
0.8114128202168133,5.387830730557582e-5
0.8118034371069426,5.3879218011085825e-5
0.8121940529967606,5.388010149909584e-5
0.8125846673563465,5.388079697851784e-5
0.8129752811086042,5.388170074149352e-5
0.8133658937891082,5.388243208948358e-5
0.8137565048858051,5.388299230126001e-5
0.814147114779766,5.388362208446477e-5
0.814537723325119,5.388417450499336e-5
0.8149283301884409,5.388460529199455e-5
0.8153189354620276,5.3885030833336335e-5
0.8157095390774148,5.3885405387307724e-5
